text,source,date,url
Sensex revises economic recovery trends,,,
Indian banks revises interest rate outlook,,,
Sensex signals strong quarterly earnings growth,,,
Auto sector shows market volatility after global cues,,,
IT stocks records credit growth improvement,,,
Nifty updates foreign investment inflows,,,
SEBI reports foreign investment inflows,,,
Indian banks updates investment activity increase,,,
IT stocks shows investment activity increase,,,
Mutual fund industry announces policy changes amid inflation concerns,,,
Mutual fund industry shows new regulatory framework,,,
IT stocks expects sector growth outlook,,,
RBI announces credit growth improvement,,,
Auto sector announces strong quarterly earnings growth,,,
Nifty records new regulatory framework,,,
Mutual fund industry expects interest rate outlook,,,
RBI announces strong quarterly earnings growth,,,
Finance Ministry signals strong quarterly earnings growth,,,
Nifty revises market volatility after global cues,,,
PSU banks confirms sector growth outlook,,,
Auto sector announces credit growth improvement,,,
Auto sector signals market volatility after global cues,,,
Finance Ministry records new regulatory framework,,,
IT stocks confirms strong quarterly earnings growth,,,
RBI updates investment activity increase,,,
Auto sector shows economic recovery trends,,,
Nifty revises interest rate outlook,,,
IT stocks indicates market volatility after global cues,,,
Nifty announces economic recovery trends,,,
Sensex confirms strong quarterly earnings growth,,,
Finance Ministry revises interest rate outlook,,,
Sensex shows credit growth improvement,,,
Indian banks reports interest rate outlook,,,
Indian banks reports economic recovery trends,,,
IT stocks confirms market volatility after global cues,,,
Nifty updates market volatility after global cues,,,
SEBI updates policy changes amid inflation concerns,,,
Auto sector reports market volatility after global cues,,,
Mutual fund industry shows market volatility after global cues,,,
Indian banks reports sector growth outlook,,,
PSU banks revises investment activity increase,,,
Sensex updates economic recovery trends,,,
Nifty revises sector growth outlook,,,
IT stocks shows policy changes amid inflation concerns,,,
RBI announces policy changes amid inflation concerns,,,
Auto sector expects interest rate outlook,,,
RBI revises foreign investment inflows,,,
IT stocks reports economic recovery trends,,,
Auto sector announces interest rate outlook,,,
SEBI revises interest rate outlook,,,
Nifty confirms credit growth improvement,,,
Finance Ministry indicates economic recovery trends,,,
SEBI expects new regulatory framework,,,
Auto sector signals foreign investment inflows,,,
Mutual fund industry announces credit growth improvement,,,
Mutual fund industry records investment activity increase,,,
Indian banks announces investment activity increase,,,
Indian banks expects new regulatory framework,,,
Finance Ministry reports market volatility after global cues,,,
Finance Ministry updates foreign investment inflows,,,
Nifty shows new regulatory framework,,,
IT stocks shows new regulatory framework,,,
Indian banks indicates foreign investment inflows,,,
PSU banks confirms new regulatory framework,,,
Finance Ministry confirms investment activity increase,,,
Nifty shows interest rate outlook,,,
PSU banks updates investment activity increase,,,
SEBI records foreign investment inflows,,,
Indian banks signals credit growth improvement,,,
Indian banks shows investment activity increase,,,
Mutual fund industry revises economic recovery trends,,,
Nifty reports policy changes amid inflation concerns,,,
SEBI updates investment activity increase,,,
PSU banks announces credit growth improvement,,,
Indian banks shows new regulatory framework,,,
PSU banks reports interest rate outlook,,,
Nifty records investment activity increase,,,
SEBI revises economic recovery trends,,,
Auto sector shows new regulatory framework,,,
Nifty indicates economic recovery trends,,,
IT stocks reports sector growth outlook,,,
RBI revises market volatility after global cues,,,
Mutual fund industry updates credit growth improvement,,,
RBI expects sector growth outlook,,,
PSU banks reports investment activity increase,,,
Nifty confirms new regulatory framework,,,
SEBI updates economic recovery trends,,,
Auto sector expects strong quarterly earnings growth,,,
RBI shows investment activity increase,,,
SEBI records strong quarterly earnings growth,,,
IT stocks records market volatility after global cues,,,
PSU banks confirms investment activity increase,,,
IT stocks updates credit growth improvement,,,
SEBI shows policy changes amid inflation concerns,,,
Nifty confirms interest rate outlook,,,
RBI revises policy changes amid inflation concerns,,,
Mutual fund industry records sector growth outlook,,,
Sensex confirms investment activity increase,,,
Auto sector confirms credit growth improvement,,,
RBI shows policy changes amid inflation concerns,,,
SEBI revises foreign investment inflows,,,
Indian banks revises policy changes amid inflation concerns,,,
Mutual fund industry confirms market volatility after global cues,,,
Auto sector announces policy changes amid inflation concerns,,,
Mutual fund industry announces foreign investment inflows,,,
Indian banks records policy changes amid inflation concerns,,,
RBI revises sector growth outlook,,,
Indian banks records strong quarterly earnings growth,,,
Sensex expects strong quarterly earnings growth,,,
SEBI expects strong quarterly earnings growth,,,
Indian banks shows economic recovery trends,,,
PSU banks revises strong quarterly earnings growth,,,
Indian banks announces strong quarterly earnings growth,,,
Auto sector indicates sector growth outlook,,,
Sensex confirms interest rate outlook,,,
IT stocks indicates economic recovery trends,,,
PSU banks expects market volatility after global cues,,,
Finance Ministry updates interest rate outlook,,,
Mutual fund industry signals policy changes amid inflation concerns,,,
SEBI reports credit growth improvement,,,
Mutual fund industry signals sector growth outlook,,,
SEBI expects economic recovery trends,,,
Indian banks signals policy changes amid inflation concerns,,,
PSU banks indicates credit growth improvement,,,
Finance Ministry signals policy changes amid inflation concerns,,,
RBI revises economic recovery trends,,,
SEBI signals strong quarterly earnings growth,,,
Auto sector updates credit growth improvement,,,
SEBI announces economic recovery trends,,,
RBI shows strong quarterly earnings growth,,,
SEBI confirms foreign investment inflows,,,
IT stocks signals strong quarterly earnings growth,,,
Sensex confirms market volatility after global cues,,,
SEBI records economic recovery trends,,,
Finance Ministry revises policy changes amid inflation concerns,,,
RBI reports economic recovery trends,,,
SEBI signals credit growth improvement,,,
PSU banks reports policy changes amid inflation concerns,,,
Sensex shows sector growth outlook,,,
Indian banks shows credit growth improvement,,,
Indian banks reports credit growth improvement,,,
RBI confirms new regulatory framework,,,
Mutual fund industry updates strong quarterly earnings growth,,,
Finance Ministry revises foreign investment inflows,,,
Sensex confirms sector growth outlook,,,
SEBI confirms interest rate outlook,,,
Nifty records foreign investment inflows,,,
Sensex announces interest rate outlook,,,
SEBI shows foreign investment inflows,,,
RBI reports investment activity increase,,,
Finance Ministry indicates sector growth outlook,,,
SEBI announces interest rate outlook,,,
Mutual fund industry records strong quarterly earnings growth,,,
Finance Ministry indicates interest rate outlook,,,
Indian banks indicates policy changes amid inflation concerns,,,
Mutual fund industry confirms credit growth improvement,,,
Sensex records market volatility after global cues,,,
Mutual fund industry announces strong quarterly earnings growth,,,
Indian banks indicates investment activity increase,,,
Finance Ministry reports credit growth improvement,,,
IT stocks expects market volatility after global cues,,,
Finance Ministry signals market volatility after global cues,,,
Auto sector confirms policy changes amid inflation concerns,,,
Indian banks announces credit growth improvement,,,
PSU banks expects credit growth improvement,,,
IT stocks signals policy changes amid inflation concerns,,,
Sensex indicates strong quarterly earnings growth,,,
Nifty updates new regulatory framework,,,
Auto sector records new regulatory framework,,,
IT stocks reports market volatility after global cues,,,
RBI expects strong quarterly earnings growth,,,
Finance Ministry revises market volatility after global cues,,,
RBI revises investment activity increase,,,
IT stocks announces strong quarterly earnings growth,,,
Mutual fund industry records interest rate outlook,,,
Nifty indicates market volatility after global cues,,,
Sensex records economic recovery trends,,,
IT stocks expects strong quarterly earnings growth,,,
IT stocks announces credit growth improvement,,,
PSU banks indicates economic recovery trends,,,
Nifty signals new regulatory framework,,,
Nifty shows investment activity increase,,,
IT stocks expects economic recovery trends,,,
IT stocks shows interest rate outlook,,,
Mutual fund industry revises new regulatory framework,,,
Auto sector signals sector growth outlook,,,
IT stocks updates new regulatory framework,,,
RBI shows new regulatory framework,,,
IT stocks updates interest rate outlook,,,
Sensex revises investment activity increase,,,
Sensex confirms credit growth improvement,,,
Finance Ministry expects market volatility after global cues,,,
Finance Ministry announces investment activity increase,,,
Indian banks confirms market volatility after global cues,,,
Auto sector confirms economic recovery trends,,,
Finance Ministry expects strong quarterly earnings growth,,,
Auto sector updates new regulatory framework,,,
Finance Ministry updates new regulatory framework,,,
PSU banks expects strong quarterly earnings growth,,,
Auto sector updates policy changes amid inflation concerns,,,
Indian banks confirms foreign investment inflows,,,
Sensex reports interest rate outlook,,,
Nifty records economic recovery trends,,,
Auto sector shows credit growth improvement,,,
Sensex records interest rate outlook,,,
Auto sector reports economic recovery trends,,,
Indian banks updates policy changes amid inflation concerns,,,
Indian banks announces economic recovery trends,,,
Mutual fund industry signals market volatility after global cues,,,
Nifty updates strong quarterly earnings growth,,,
RBI shows foreign investment inflows,,,
SEBI signals policy changes amid inflation concerns,,,
Finance Ministry reports new regulatory framework,,,
IT stocks records economic recovery trends,,,
SEBI expects interest rate outlook,,,
RBI announces market volatility after global cues,,,
RBI updates interest rate outlook,,,
PSU banks updates strong quarterly earnings growth,,,
Mutual fund industry indicates economic recovery trends,,,
Mutual fund industry announces investment activity increase,,,
IT stocks reports credit growth improvement,,,
Mutual fund industry signals credit growth improvement,,,
SEBI reports investment activity increase,,,
IT stocks shows economic recovery trends,,,
RBI revises new regulatory framework,,,
Finance Ministry shows credit growth improvement,,,
SEBI expects credit growth improvement,,,
IT stocks announces policy changes amid inflation concerns,,,
Indian banks shows interest rate outlook,,,
Indian banks reports investment activity increase,,,
Finance Ministry records policy changes amid inflation concerns,,,
Indian banks signals investment activity increase,,,
SEBI records interest rate outlook,,,
IT stocks updates investment activity increase,,,
Sensex expects sector growth outlook,,,
Indian banks expects strong quarterly earnings growth,,,
Mutual fund industry revises credit growth improvement,,,
Finance Ministry signals new regulatory framework,,,
IT stocks revises economic recovery trends,,,
PSU banks announces new regulatory framework,,,
SEBI revises market volatility after global cues,,,
Nifty reports credit growth improvement,,,
Auto sector revises market volatility after global cues,,,
SEBI signals sector growth outlook,,,
IT stocks reports strong quarterly earnings growth,,,
RBI confirms foreign investment inflows,,,
Indian banks indicates credit growth improvement,,,
Finance Ministry expects interest rate outlook,,,
IT stocks confirms policy changes amid inflation concerns,,,
IT stocks reports new regulatory framework,,,
Auto sector expects sector growth outlook,,,
SEBI records policy changes amid inflation concerns,,,
IT stocks announces new regulatory framework,,,
PSU banks shows investment activity increase,,,
PSU banks records foreign investment inflows,,,
RBI announces interest rate outlook,,,
IT stocks updates foreign investment inflows,,,
SEBI updates interest rate outlook,,,
Sensex shows foreign investment inflows,,,
RBI signals credit growth improvement,,,
Mutual fund industry shows strong quarterly earnings growth,,,
Auto sector updates economic recovery trends,,,
Indian banks updates credit growth improvement,,,
Indian banks expects policy changes amid inflation concerns,,,
PSU banks reports new regulatory framework,,,
Indian banks updates strong quarterly earnings growth,,,
Sensex records sector growth outlook,,,
Sensex reports new regulatory framework,,,
RBI indicates credit growth improvement,,,
Mutual fund industry confirms economic recovery trends,,,
Finance Ministry announces foreign investment inflows,,,
Indian banks revises market volatility after global cues,,,
Mutual fund industry expects new regulatory framework,,,
Indian banks indicates economic recovery trends,,,
PSU banks signals market volatility after global cues,,,
RBI records policy changes amid inflation concerns,,,
PSU banks indicates policy changes amid inflation concerns,,,
IT stocks announces market volatility after global cues,,,
PSU banks expects investment activity increase,,,
RBI signals policy changes amid inflation concerns,,,
Indian banks reports foreign investment inflows,,,
Indian banks updates economic recovery trends,,,
Mutual fund industry reports foreign investment inflows,,,
PSU banks indicates investment activity increase,,,
Mutual fund industry announces sector growth outlook,,,
RBI indicates interest rate outlook,,,
IT stocks revises interest rate outlook,,,
RBI updates credit growth improvement,,,
PSU banks shows market volatility after global cues,,,
Indian banks shows sector growth outlook,,,
IT stocks reports foreign investment inflows,,,
Mutual fund industry shows foreign investment inflows,,,
Mutual fund industry indicates foreign investment inflows,,,
Indian banks updates market volatility after global cues,,,
PSU banks updates foreign investment inflows,,,
Auto sector shows interest rate outlook,,,
PSU banks updates market volatility after global cues,,,
Auto sector confirms investment activity increase,,,
SEBI records sector growth outlook,,,
PSU banks announces sector growth outlook,,,
IT stocks confirms foreign investment inflows,,,
RBI signals foreign investment inflows,,,
Sensex signals sector growth outlook,,,
Sensex updates market volatility after global cues,,,
PSU banks confirms strong quarterly earnings growth,,,
Finance Ministry shows investment activity increase,,,
Auto sector expects credit growth improvement,,,
IT stocks records investment activity increase,,,
PSU banks records strong quarterly earnings growth,,,
Indian banks revises foreign investment inflows,,,
Sensex expects investment activity increase,,,
Indian banks announces new regulatory framework,,,
Nifty shows sector growth outlook,,,
Indian banks expects interest rate outlook,,,
IT stocks records sector growth outlook,,,
SEBI signals economic recovery trends,,,
Auto sector records investment activity increase,,,
IT stocks signals interest rate outlook,,,
RBI reports strong quarterly earnings growth,,,
Mutual fund industry updates interest rate outlook,,,
Nifty confirms foreign investment inflows,,,
SEBI revises policy changes amid inflation concerns,,,
Auto sector updates sector growth outlook,,,
Nifty indicates policy changes amid inflation concerns,,,
Sensex updates new regulatory framework,,,
SEBI signals new regulatory framework,,,
Finance Ministry shows economic recovery trends,,,
RBI revises interest rate outlook,,,
Nifty records strong quarterly earnings growth,,,
IT stocks signals foreign investment inflows,,,
Auto sector confirms new regulatory framework,,,
SEBI announces policy changes amid inflation concerns,,,
IT stocks shows credit growth improvement,,,
PSU banks indicates foreign investment inflows,,,
Mutual fund industry indicates interest rate outlook,,,
Auto sector revises economic recovery trends,,,
IT stocks updates economic recovery trends,,,
SEBI confirms credit growth improvement,,,
Finance Ministry expects sector growth outlook,,,
Indian banks updates sector growth outlook,,,
PSU banks updates policy changes amid inflation concerns,,,
Nifty indicates interest rate outlook,,,
Sensex shows strong quarterly earnings growth,,,
SEBI revises sector growth outlook,,,
Sensex records strong quarterly earnings growth,,,
Auto sector signals strong quarterly earnings growth,,,
Indian banks signals new regulatory framework,,,
Mutual fund industry signals economic recovery trends,,,
IT stocks records foreign investment inflows,,,
PSU banks shows credit growth improvement,,,
Auto sector indicates foreign investment inflows,,,
Mutual fund industry confirms sector growth outlook,,,
PSU banks expects economic recovery trends,,,
SEBI indicates foreign investment inflows,,,
Finance Ministry shows market volatility after global cues,,,
Auto sector revises strong quarterly earnings growth,,,
Mutual fund industry signals new regulatory framework,,,
Sensex reports policy changes amid inflation concerns,,,
RBI indicates foreign investment inflows,,,
Finance Ministry reports sector growth outlook,,,
Auto sector indicates economic recovery trends,,,
Auto sector updates investment activity increase,,,
PSU banks revises new regulatory framework,,,
RBI confirms strong quarterly earnings growth,,,
Auto sector expects policy changes amid inflation concerns,,,
Nifty updates economic recovery trends,,,
Indian banks confirms policy changes amid inflation concerns,,,
PSU banks announces policy changes amid inflation concerns,,,
RBI confirms market volatility after global cues,,,
IT stocks signals new regulatory framework,,,
IT stocks confirms investment activity increase,,,
Mutual fund industry confirms new regulatory framework,,,
SEBI confirms new regulatory framework,,,
PSU banks confirms credit growth improvement,,,
Nifty announces new regulatory framework,,,
IT stocks expects foreign investment inflows,,,
RBI records strong quarterly earnings growth,,,
RBI confirms policy changes amid inflation concerns,,,
Mutual fund industry announces interest rate outlook,,,
SEBI updates credit growth improvement,,,
Finance Ministry reports strong quarterly earnings growth,,,
Mutual fund industry reports sector growth outlook,,,
Auto sector revises investment activity increase,,,
Nifty shows policy changes amid inflation concerns,,,
PSU banks updates interest rate outlook,,,
IT stocks confirms economic recovery trends,,,
Nifty reports investment activity increase,,,
IT stocks reports policy changes amid inflation concerns,,,
Auto sector reports investment activity increase,,,
Auto sector reports policy changes amid inflation concerns,,,
Mutual fund industry revises foreign investment inflows,,,
Nifty reports foreign investment inflows,,,
Mutual fund industry records credit growth improvement,,,
PSU banks announces strong quarterly earnings growth,,,
Sensex reports investment activity increase,,,
RBI expects policy changes amid inflation concerns,,,
Finance Ministry shows strong quarterly earnings growth,,,
Nifty confirms policy changes amid inflation concerns,,,
SEBI confirms policy changes amid inflation concerns,,,
Sensex confirms new regulatory framework,,,
Nifty announces strong quarterly earnings growth,,,
Finance Ministry reports foreign investment inflows,,,
RBI signals new regulatory framework,,,
RBI records new regulatory framework,,,
Finance Ministry confirms credit growth improvement,,,
RBI reports new regulatory framework,,,
Sensex reports foreign investment inflows,,,
PSU banks expects sector growth outlook,,,
IT stocks revises new regulatory framework,,,
Mutual fund industry expects foreign investment inflows,,,
Finance Ministry records sector growth outlook,,,
Auto sector signals new regulatory framework,,,
Finance Ministry announces strong quarterly earnings growth,,,
RBI signals strong quarterly earnings growth,,,
PSU banks confirms economic recovery trends,,,
Sensex records credit growth improvement,,,
PSU banks confirms interest rate outlook,,,
Auto sector confirms strong quarterly earnings growth,,,
Sensex reports market volatility after global cues,,,
Nifty signals credit growth improvement,,,
IT stocks confirms interest rate outlook,,,
Sensex records new regulatory framework,,,
Indian banks expects economic recovery trends,,,
RBI shows interest rate outlook,,,
RBI confirms credit growth improvement,,,
Nifty announces investment activity increase,,,
RBI announces investment activity increase,,,
Indian banks shows market volatility after global cues,,,
Nifty confirms market volatility after global cues,,,
Sensex updates foreign investment inflows,,,
Indian banks confirms investment activity increase,,,
Finance Ministry announces economic recovery trends,,,
IT stocks indicates sector growth outlook,,,
SEBI announces foreign investment inflows,,,
Auto sector reports sector growth outlook,,,
IT stocks expects policy changes amid inflation concerns,,,
IT stocks revises sector growth outlook,,,
Nifty indicates investment activity increase,,,
Nifty indicates sector growth outlook,,,
Auto sector shows foreign investment inflows,,,
Sensex shows economic recovery trends,,,
Mutual fund industry signals strong quarterly earnings growth,,,
Finance Ministry reports policy changes amid inflation concerns,,,
Indian banks signals foreign investment inflows,,,
Auto sector indicates interest rate outlook,,,
RBI reports policy changes amid inflation concerns,,,
Nifty revises investment activity increase,,,
Sensex indicates credit growth improvement,,,
Sensex revises strong quarterly earnings growth,,,
RBI tightens bank lending norms for stock brokers,The Indian Express,2026-02-14T16:25:11Z,
"UPSC Essentials | Daily subject-wise quiz : Economy MCQs on PMKVY scheme, exchange traded funds and more (Week 149)",The Indian Express,2026-02-12T14:42:26Z,
Your arbitrage fund returns will fall by about 0.5% next year due to this increased STT: Deepak Shenoy,Economictimes.com,2026-02-01T10:50:36Z,
Global Intelligence Crisis,Citriniresearch.com,2026-02-22T20:56:18Z,
"UPSC Key: Union Budget 2026-27, National Population Register, and Tariff",The Indian Express,2026-02-02T13:32:14Z,
"SP Group's Rs 25,000 crore bond issue price likely to be lower",The Times of India,2026-02-26T00:54:16Z,
Links 2/4/2026,Nakedcapitalism.com,2026-02-04T11:55:54Z,
360 ONE's Mayur Patel spots opportunities in 4 sectors for your FY27 portfolio,The Times of India,2026-02-27T03:30:00Z,
"Sitharaman counters LoP on farmers, food security & data",The Indian Express,2026-02-12T00:00:49Z,
Time to be selective in NBFCs as earnings premium shrinks: Viral Shah,The Times of India,2026-02-24T08:44:42Z,
"Union Budget 2026: FM announces panel to review banking sector, move aimed at strengthening banking system",The Indian Express,2026-02-01T07:35:44Z,
UPSC Essentials | Mains answer practice — GS 3 : Questions on thorium-based nuclear power and India’s economic competitiveness (Week 140),The Indian Express,2026-02-03T12:08:33Z,
QUALCOMM Incorporated (QCOM) Signs Deal with Tata Electronics to Produce Automotive Modules in India,Yahoo Entertainment,2026-02-25T09:56:03Z,
Budget moves forward with future as focus but ducks key reforms,The Indian Express,2026-02-02T01:52:58Z,
US-India trade deal: What we know so far,RT,2026-02-03T11:24:08Z,
RBI gives approval to SBI MF to acquire up to 9.99% in Bandhan Bank,BusinessLine,2026-02-26T15:42:20Z,
Read Trump's 2026 State of the Union address,NPR,2026-02-25T06:07:40Z,
RBI will have to lend a hand to support the government’s large borrowing,BusinessLine,2026-02-01T14:45:47Z,
"Top Business & Market Headlines Today — BL Morning Report, Feb 16, 2026",BusinessLine,2026-02-15T10:09:35Z,
"Vertical Aerospace: Commercial Wins, Stock Price Lows",MarketBeat,2026-02-07T15:28:00Z,
"Jobs, cash, loans: Can Bangladesh’s parties deliver on election promises?",Al Jazeera English,2026-02-03T05:31:22Z,
"India’s biggest risk is not the macro, it’s investor expectations: Kalpen Parekh, MD & CEO, DSP Mutual Fund",The Times of India,2026-02-16T01:00:00Z,
"Why This Computer Scientist Says All Cryptocurrency Should ""Die in a Fire""",Currentaffairs.org,2026-02-04T16:59:29Z,
"Stock Market Highlights: Sensex, Nifty trade in narrow range amid cautious investor sentiment",BusinessLine,2026-02-11T10:47:32Z,
"JL Goes International, and to ETFs…… Oh my!",Jlcollinsnh.com,2026-02-09T00:45:25Z,
"Stocks in news: Vishal Mega Mart, Bandhan Bank, Indian Oil, Bharti Airtel, BPCL",The Times of India,2026-02-27T01:08:38Z,
Brokers forced to rethink funding playbook as India curbs loans,Bloomberg,2026-02-16T10:35:57Z,
Ray Dalio warns the world is ‘on the brink’ of a capital war of weaponizing money—and gold is the best way for people to protect themselves,Fortune,2026-02-04T19:43:56Z,
Are REITs emerging as the new alternative to mutual funds?,Livemint,2026-02-25T05:45:01Z,
"Know Your Fund Manager | Basant Bafna, Head – Fixed Income, Mirae Asset",Economictimes.com,2026-02-21T06:41:48Z,
"Top Business & Market Headlines Today — BL Morning Report, Feb 10, 2026",BusinessLine,2026-02-09T16:09:50Z,
Stock Market Live: Stock to buy today: Sammaan Capital,BusinessLine,2026-02-26T01:22:03Z,
"Stock Market Live Updates February 17: Stock to buy today: Cummins India (₹4,520.65) – BUY",BusinessLine,2026-02-17T01:18:03Z,
Rising Middle East tensions lift gold as capital flight to safety continues,Cointelegraph,2026-02-26T12:15:34Z,
Your toughest investment opponent is yourself: Bajaj Finserv MF's Ganesh Mohan,Livemint,2026-02-16T07:43:11Z,
"Top Business & Market Headlines Today — BL Morning Report, Feb 12, 2026",BusinessLine,2026-02-11T16:12:22Z,
"CleanMax Enviro Energy IPO subscribed 79% so far on last day, retail interest muted",BusinessLine,2026-02-25T09:42:11Z,
"Gold, silver get bigger role as SEBI tweaks MF valuation rules: A hedge against global uncertainty and exchange rate volatility?",The Times of India,2026-02-27T09:43:50Z,
"RBI opens bank lending for real estate trusts, draft norms to be issued soon",Livemint,2026-02-06T11:07:18Z,
Old Bridge AMC sees value in export-oriented companies,BusinessLine,2026-02-11T12:43:48Z,
"SEBI Chairman says innovation should flourish, but not at cost of ‘market integrity’",BusinessLine,2026-02-20T12:02:25Z,
"We have a lot of conviction in small & mid caps, says Vaiibhavv Chugh of Abakkus Mutual Fund",Livemint,2026-02-17T05:11:23Z,
Exclusive analysis: we looked at the 400 western firms still in Russia. Their paltry size strips Putin’s bluff bare naked,Fortune,2026-02-27T13:30:00Z,
DII flows into equity hit 10-month low in February,The Times of India,2026-02-27T00:04:40Z,
"Bharti Airtel shares in focus as company plans Rs 20,000 crore NBFC investment",The Times of India,2026-02-24T03:29:10Z,
"New rules for M&A financing, loans against shares",The Times of India,2026-02-13T19:38:39Z,
"MFs’ Bets: 15 smallcap stocks turn volatile, tumble up to 50% in 3 months. Do you own any?",Economictimes.com,2026-02-03T08:09:02Z,
Arbitrage funds: Profiting from price gaps in volatile market,BusinessLine,2026-03-01T05:36:49Z,
"Explained: What new RBI norms mean for BSE, MCX, stock brokers and prop traders",The Times of India,2026-02-16T05:29:28Z,
SIFs: The next era of investing,The Times of India,2026-02-09T06:13:41Z,
Ahead of Market: 10 things that will decide stock market action on Tuesday,The Times of India,2026-02-23T15:37:09Z,
HDFC Defence Fund exists this small cap stock that went up by 500% in 5 years,Economictimes.com,2026-02-14T04:07:29Z,
Coffee Break: The Mask of Unreality Slipping?,Nakedcapitalism.com,2026-02-02T19:00:55Z,
Can the India-US trade deal alone arrest rupee’s downfall?,The Times of India,2026-02-12T22:30:00Z,
RBI greenlights SBI Mutual Fund's plan to buy up to 9.99% in Bandhan Bank,The Times of India,2026-02-26T11:04:42Z,
American unexceptionalism: Foreign markets leave U.S. stocks in the dust,Fortune,2026-02-11T11:06:00Z,
"Stock Market Highlights: Sensex closes 558 points lower at 83,674, Nifty 50 slides 146 points to 25,807",BusinessLine,2026-02-12T11:13:42Z,
Gaudium IVF ends 1.87% higher at ₹80.48 after listing higher,BusinessLine,2026-02-27T13:21:59Z,
"BSE, MCX, Angel One, Groww shares fall up to 10%. Here’s why",The Times of India,2026-02-16T04:54:41Z,
"Only index funds, no stock picking: How you can grow wealth the simple way",Economictimes.com,2026-02-12T07:38:30Z,
"AI tailwinds & IT stocks: Why Infosys, TCS, HCLTech and Wipro stocks are rising",BusinessLine,2026-02-19T05:27:37Z,
"Motilal Oswal Alternates raises Rs 1,700-crore fund",The Times of India,2026-02-27T00:14:33Z,
Don’t ignore E-Voting,BusinessLine,2026-02-16T15:30:55Z,
Will secondary market SGB maturity returns now be taxed? Budget 2026 has changed the rules,Economictimes.com,2026-02-04T07:40:18Z,
SEBI looking at reshuffling of advisory committee members,BusinessLine,2026-02-20T14:01:51Z,
MF Tracker: Can this 3 and 5 year top performer PSU fund extend its winning streak?,Economictimes.com,2026-02-05T03:54:19Z,
Indian market is 18 months ahead of its fair value: DSP Mutual Fund's Kalpen Parekh,Livemint,2026-02-12T05:56:14Z,
Budget 2026: Now save TDS by submitting single form 15G/H for these securities,The Times of India,2026-02-01T11:25:32Z,
Whiteoak Capital Flexicap Fund: Should you invest?,BusinessLine,2026-02-14T16:03:32Z,
RBI nod for leveraged buyouts fails to evoke banker enthusiasm; mixed response to broker lending norms,Livemint,2026-02-16T00:28:49Z,
Sebi mandates market intermediaries to disclose registration details on social media from May 1,The Times of India,2026-02-26T13:40:05Z,
"2026 KTM 250 Duke launched in India: Prices, changes explained",The Times of India,2026-02-25T11:36:10Z,
Budget 2026: Sitharaman backs private developers with new Infrastructure Risk Guarantee Fund,The Times of India,2026-02-01T09:11:14Z,
"Earnings recovery to support markets in FY27; private capex, manufacturing top bets: Dikshit Mittal",The Times of India,2026-02-17T04:05:05Z,
Sebi cautions investors against fake notices demanding STT payments,The Times of India,2026-02-26T16:26:28Z,
SBI in talks with Japanese lenders for M&A financing,The Times of India,2026-02-21T04:50:28Z,
"Unclaimed bank deposits of Rs 72,454 crore lying with DEA Fund: MoS Finance",The Times of India,2026-02-10T16:28:20Z,
‘Needle hunting’ starts pricking stock investors,BusinessLine,2026-02-14T16:50:23Z,
"D-Street does a jig! India–US trade deal lifts sentiment, but earnings to drive market returns",The Times of India,2026-02-04T01:17:52Z,
"Worst is over for Indian markets, 2026 set for outperformance: Sandeep Tandon",The Times of India,2026-02-09T08:55:47Z,
Dividend-yield funds have beaten flexi caps over the past decade. Should you invest in them?,Livemint,2026-02-22T01:30:15Z,
"SEBI stalls new exchanges' entry into options market, sources say",BusinessLine,2026-02-10T08:37:03Z,
This Indian smallcap fund beating 93% of peers bets on internet value stocks,The Times of India,2026-02-19T03:54:32Z,
Sun Pharma: What should investors do?,BusinessLine,2026-02-14T15:48:29Z,
"The Union Budget disappoints with surprise tax hike, investors say",Bloomberg,2026-02-02T07:37:30Z,
Gift City IFSC: All about investing for residents and NRIs,BusinessLine,2026-02-28T16:27:05Z,
How investors should invest in mutual funds in today's environment,Livemint,2026-02-16T01:30:11Z,
India ETF Bucks Emerging-Market Stock Selloff On US Trade Deal,Ndtvprofit.com,2026-02-03T02:08:18Z,
How one AI company is helping businesses navigate Trump’s new tariff chaos following the Supreme Court ruling,Fortune,2026-02-24T19:39:56Z,
"Industry, market experts laud India-US trade deal as win-win",BusinessLine,2026-02-03T00:58:53Z,
Nigeria’s public debt rose to N153tn in Sept 2025 – DMO,The Punch,2026-02-20T23:55:06Z,
"CAs’ body flags hurdles in research analyst registration, seeks clarity from SEBI",BusinessLine,2026-02-27T13:58:38Z,
Sebi chairperson flags misuse of SME framework,The Times of India,2026-02-12T00:34:33Z,
Michael Hudson and Vijay Prashad: How Hyper-Imperialism Shapes Global Conflict,Nakedcapitalism.com,2026-02-02T14:55:21Z,
"Silver, Gold ETFs and SEBI’s measured framework",BusinessLine,2026-02-20T13:07:29Z,
"Tariff cut to open door wider for exports, lift rupee, fund inflows: Nirmala Sitharaman",The Times of India,2026-02-04T00:30:00Z,
"ETMarkets Smart Talk | Financials, manufacturing and consumption to lead in 2026 as India’s structural story strengthens: Raghav Iyengar",The Times of India,2026-02-18T03:30:00Z,
DBS Bank India targets ‘mass affluent’ customers in pivot to universal banking,Livemint,2026-02-19T09:39:05Z,
Celebration street! Rupee takes biggest leap in 7 years; stock markets jump 2.5%,The Times of India,2026-02-04T01:08:16Z,
Read the complete transcript of Trump’s 2026 State of the Union,Boston Herald,2026-02-25T12:06:50Z,
Freight fright: Gaming giants Sony and Nintendo see stocks slide as shipping routes rerouted,EODHD,2026-03-02T06:22:43+00:00,
Genentech's Fenebrutinib Confirms Its Potential as First and Only BTK Inhibitor for Relapsing and Primary Progressive MS in Third Positive Phase III Study (FENhance 1),EODHD,2026-03-02T06:10:00+00:00,
Palo Alto Networks To Establish Secure Foundation For AI Economy Through Ecosystem Collaboration,EODHD,2026-03-02T06:05:52+00:00,
What are expat mortgages and how high are the interest rates?,EODHD,2026-03-02T06:00:25+00:00,
[Ad hoc announcement pursuant to Art. 53 LR] Roche's fenebrutinib confirms its potential as first and only BTK inhibitor for relapsing and primary progressive MS in third positive Phase III study (FENhance 1),EODHD,2026-03-02T06:00:00+00:00,
Santander and Mastercard complete live payment executed by AI agent,EODHD,2026-03-02T06:00:00+00:00,
Britain’s old-economy giants are the City’s new favourite trade,EODHD,2026-03-02T06:00:00+00:00,
Press Release: Sanofi’s rilzabrutinib earns orphan drug designation in Japan for IgG4-related disease,EODHD,2026-03-02T06:00:00+00:00,
"CoinEx Updates Latest Proof of Reserve, Reinforcing Its Commitment to Ensuring User Security",EODHD,2026-03-02T05:47:00+00:00,
"India's central bank likely steps in as oil price surge hurts rupee, traders say",EODHD,2026-03-02T05:43:28+00:00,
European Shares Poised For Big Losses Amid Geopolitical Tensions,EODHD,2026-03-02T05:42:14+00:00,
GeoPark (GPRK) Q4 2025 Earnings Call Transcript,EODHD,2026-03-02T05:37:34+00:00,
USD/INR refreshes monthly high as oil prices spike amid US-Iran war,EODHD,2026-03-02T05:31:17+00:00,
 LERØY SEAFOOD GROUP ASA KAPITALMARKEDSDAG 2026: ØKT AVKASTNING DREVET AV BÆREKRAFTIG VEKST MED KOSTNADS- OG KAPITALDISIPLIN,EODHD,2026-03-02T05:30:00+00:00,
LERØY SEAFOOD GROUP ASA CMD 2026: INCREASED RETURNS DRIVEN BY SUSTAINABLE GROWTH WITH COST AND CAPITAL DISCIPLINE,EODHD,2026-03-02T05:30:00+00:00,
War shock: Global markets plummet as U.S.-Iran conflict escalates,EODHD,2026-03-02T05:27:45+00:00,
Silver Price Forecast: XAG/USD declines below $94.00 amid renewed US Dollar demand,EODHD,2026-03-02T05:24:58+00:00,
Ethereum’s Massive Slump Continues With Sixth Straight Red Month,EODHD,2026-03-02T05:24:00+00:00,
"Can MercadoLibre Stock Get to $2,000?",EODHD,2026-03-02T05:20:00+00:00,
EUR/USD recovers some early losses driven by rising energy prices amid US-Iran war,EODHD,2026-03-02T05:10:01+00:00,
"GBP/JPY recovers nearly 150 pips intraday, eyes mid-210.00s amid weaker JPY",EODHD,2026-03-02T05:09:19+00:00,
Onto Innovation Balances Record Sales With Margin Pressure And Rising Risks,EODHD,2026-03-02T05:07:06+00:00,
Why Illumina (ILMN) Is Up 14.3% After Launching TruPath Genome And Expanding Rare-Disease Sequencing,EODHD,2026-03-02T05:06:29+00:00,
Okeanis Eco Tankers Corp. – Ex Dividend Date,EODHD,2026-03-02T05:00:00+00:00,
Alibaba Group Holding Ltd Investigated by the Portnoy Law Firm,EODHD,2026-03-02T05:00:00+00:00,
U.S.–Iran Conflict Shakes Markets: TRWD Says Growth Strategy Remains Intact,EODHD,2026-03-02T05:00:00+00:00,
"Computer Vision Image Software Market Set to Hit USD 52.49 Billion by 2035, Driven by AI-Powered Visual Intelligence and Automation | Report by SNS Insider",EODHD,2026-03-02T05:00:00+00:00,
"Wind River Announces Strategic Collaboration with AMD, Delivering Industry’s First Unified O-RAN and AI-RAN Platform",EODHD,2026-03-02T05:00:00+00:00,
Aptiv and Wind River Showcase Network V2X Solution for Sensor Sharing Leveraging Verizon’s Connected Driving Platform,EODHD,2026-03-02T05:00:00+00:00,
"AWS UAE data center hit by 'objects,' power down in one availability zone",EODHD,2026-03-02T04:56:45+00:00,
U.S. Dollar Strengthens on Liquidity Demand Amid Middle East Conflict,EODHD,2026-03-02T04:51:00+00:00,
"Quant snapshot: Impala Platinum, Turkcell Iletisim lead strong buys as Evolus lag",EODHD,2026-03-02T04:48:16+00:00,
Bitget Lists Fabric Protocol (ROBO) for Spot Trading,EODHD,2026-03-02T04:34:00+00:00,
"Australian LNG stocks surge after Strait of Hormuz halt disrupts global supply; Woodside, Santos, and Inpex rally",EODHD,2026-03-02T04:32:28+00:00,
Australian Dollar fills weekly bearish gap against retreating USD; AUD/USD retakes 0.7100,EODHD,2026-03-02T04:31:49+00:00,
EUR/GBP steadies above 0.8750 ahead of German Retail Sales data,EODHD,2026-03-02T04:30:41+00:00,
Indian Shares Deep In Red As US-Iran Conflict Deepens,EODHD,2026-03-02T04:25:01+00:00,
"Lightspeed Makes a Big Bet on Self-Driving Trucks, Loading Up on 7 Million Shares of Kodiak AI (KDK)",EODHD,2026-03-02T04:23:49+00:00,
A Look At Targa Resources (TRGP) Valuation After Strong Q4 Results And Higher Dividend Outlook,EODHD,2026-03-02T04:23:32+00:00,
EssilorLuxottica Lawsuit Puts Tariff Refund Risks And Valuation In Focus,EODHD,2026-03-02T04:23:29+00:00,
Comfort Systems USA Backlog And Dividend Rise After Transformative FY2025,EODHD,2026-03-02T04:23:08+00:00,
A Look At Fresnillo’s Valuation After A Strong Recent Share Price Rally,EODHD,2026-03-02T04:22:50+00:00,
NVIDIA’s Sovereign AI Deals And Meta Alliance Shape Valuation Debate,EODHD,2026-03-02T04:21:33+00:00,
"Wall Street Says Forget AI Chips, and Buy AI Software Stocks Instead for 2026",EODHD,2026-03-02T04:20:00+00:00,
"Bitget Publishes February 2026 Proof of Reserves, Maintaining 169% Total Reserve Ratio",EODHD,2026-03-02T04:11:00+00:00,
Amazon Cloud Suffers Outage After ‘Objects’ Hit UAE Data Center,EODHD,2026-03-02T04:10:18+00:00,
"Dow futures plunge 500+ points as U.S.-Iran conflict escalates; gold, oil rise, crypto rebounds",EODHD,2026-03-02T04:08:34+00:00,
Chinese Automakers’ Sales Largely Fail to Gallop Into New Year,EODHD,2026-03-02T04:07:00+00:00,
"Cloud Native Security Service Market Set to Hit USD 129.23 Billion by 2035, Driven by Rising Cloud Cyber Threats and Zero-Trust Adoption | Report by SNS Insider",EODHD,2026-03-02T04:00:00+00:00,
USD/CAD Price Forecast: Vulnerable below 200-SMA on H4 as Oil rallies on supply concerns,EODHD,2026-03-02T03:58:13+00:00,
Economists Gauge Hit From Mideast War as China Seen Among Losers,EODHD,2026-03-02T03:50:21+00:00,
Bitget and Obside Partner to Launch Live AI Trading Arena for Copy Trading,EODHD,2026-03-02T03:41:00+00:00,
Best Buy (BBY) Reports Earnings Tomorrow: What To Expect,EODHD,2026-03-02T03:31:15+00:00,
Ampol's Proposed Acquisition Of EG Australia Moves To ACCC Phase 2 Review,EODHD,2026-03-02T03:29:07+00:00,
AUD/JPY trades above 111.00 after paring recent losses,EODHD,2026-03-02T03:25:32+00:00,
NZD/USD recovers early lost ground; climbs back closer to 0.6000 amid modest USD pullback,EODHD,2026-03-02T03:21:28+00:00,
WuXi Biologics Included in S&amp;P Global Sustainability Yearbook for Fourth Consecutive Year,EODHD,2026-03-02T03:21:00+00:00,
"Bitcoin at $150,000 by 2026? Prediction Markets Are Skeptical -- Long-Term Investors Should Pay Attention to the Odds.",EODHD,2026-03-02T03:20:00+00:00,
Australian Market Maintains Early Losses In Mid-market,EODHD,2026-03-02T03:15:31+00:00,
Chow Tai Fook Jewellery Appoints David Tse as Global Creative Director,EODHD,2026-03-02T03:15:00+00:00,
Alphabet’s Mapping Breakthrough And Clean Energy Push Reshape Growth Prospects,EODHD,2026-03-02T03:14:43+00:00,
Assessing HSBC (LSE:HSBA) Valuation As Share Price Momentum Meets Conflicting Fair Value Estimates,EODHD,2026-03-02T03:14:21+00:00,
Is Owens Corning (OC) Pricing In Too Much Pessimism After Recent Share Price Weakness,EODHD,2026-03-02T03:14:08+00:00,
Reassessing Automatic Data Processing (ADP) After A 30% One-Year Share Price Slide,EODHD,2026-03-02T03:13:18+00:00,
Intuit Anthropic AI Pact Tests Growth Story For Mid Market Investors,EODHD,2026-03-02T03:12:55+00:00,
Is It Time To Reassess Home Depot (HD) After Recent Share Price Strength?,EODHD,2026-03-02T03:12:29+00:00,
Viking (VIK) Q4 Earnings Report Preview: What To Look For,EODHD,2026-03-02T03:01:15+00:00,
Stephen Pearce Assumes Role As South32 Chair Following Karen Wood's Retirement,EODHD,2026-03-02T03:00:29+00:00,
Agoda Revealed Thailand's Popular Valentine's Day Destinations,EODHD,2026-03-02T03:00:00+00:00,
SynaXG Proves the Art of the Possible with Fully Software-Defined AI-RAN on NVIDIA AI Aerial,EODHD,2026-03-02T03:00:00+00:00,
"Red Hat and Telenor AI Factory Bring Scale, Sovereignty and Control to Production AI",EODHD,2026-03-02T03:00:00+00:00,
Mitsui Garden Hotel Sapporo Reopens Following Comprehensive Transformation,EODHD,2026-03-02T03:00:00+00:00,
Red Hat Drives Telefónica Spain’s Network and IT Transformation with Red Hat OpenShift as its Common Platform,EODHD,2026-03-02T03:00:00+00:00,
Think You Can Ignore Your RMDs? Here's How That Mistake Could Cost You Thousands.,EODHD,2026-03-02T02:56:00+00:00,
How Will Stocks React to the U.S. Attack on Iran?,EODHD,2026-03-02T02:50:31+00:00,
EUR/JPY declines below 184.50 as geopolitical risks boost Japanese Yen,EODHD,2026-03-02T02:50:26+00:00,
"Rupee to fall past 91 as Iran war puts oil on the boil, saps risk appetite",EODHD,2026-03-02T02:42:48+00:00,
Indian Shares Set To Tumble As Oil Prices Spike Amid West Asia Tensions,EODHD,2026-03-02T02:40:33+00:00,
QuidelOrtho Corp Director Purchases 10k Shares as CFO Retires,EODHD,2026-03-02T02:38:48+00:00,
"Euro sags, dollar gains as Iran war lifts energy prices",EODHD,2026-03-02T02:28:02+00:00,
Lenovo Unveils Adaptive AI Devices And Lenovo Qira,EODHD,2026-03-02T02:26:53+00:00,
XRP Plunges 26% As Crypto Market Faces Fresh Headwinds,EODHD,2026-03-02T02:20:00+00:00,
"Crude soars, stocks drop after US strikes on Iran",EODHD,2026-03-02T02:12:48+00:00,
Is Las Vegas Sands (LVS) Fairly Priced After Mixed Returns And Conflicting Valuation Signals,EODHD,2026-03-02T02:12:32+00:00,
Assessing GE HealthCare Technologies (GEHC) Valuation After Recent Share Price Momentum,EODHD,2026-03-02T02:11:09+00:00,
Cleveland Cliffs Board Shifts Oversight As Shares Flagged Undervalued,EODHD,2026-03-02T02:10:53+00:00,
A Look At Universal Health Services (UHS) Valuation After A Strong 2025 Earnings Report And Guidance,EODHD,2026-03-02T02:10:28+00:00,
Has Dollar Tree (DLTR) Run Too Far After A 74% One Year Share Price Jump?,EODHD,2026-03-02T02:10:27+00:00,
Is Accor (ENXTPA:AC) Pricing In Travel Demand Strength Or Leaving Upside On The Table?,EODHD,2026-03-02T02:09:58+00:00,
Forvia Halts 2026 Dividend As Deleveraging Takes Priority Over Payouts,EODHD,2026-03-02T02:09:25+00:00,
InnoCare’s next-generation TRKi Zurletrectinib Receives Priority Review for the Treatment of Pediatric Patients with Solid Tumors in China,EODHD,2026-03-02T02:03:00+00:00,
Thai Stock Market May Extend Friday's Losses,EODHD,2026-03-02T02:01:20+00:00,
GBP/USD Price Forecast: Targets 1.3500 barrier near moving averages,EODHD,2026-03-02T01:59:40+00:00,
Oil Prices Soar Amid Escalating Middle East Conflict,EODHD,2026-03-02T01:58:35+00:00,
2 Millionaire-Maker Artificial Intelligence (AI) Stocks,EODHD,2026-03-02T01:50:00+00:00,
"Dow Jones Futures Off Lows, Oil Prices Jump Amid U.S.-Iran Attacks",EODHD,2026-03-02T01:37:44+00:00,
Indonesia Bourse Tipped To Remain Rangebound,EODHD,2026-03-02T01:31:19+00:00,
Makler Service AG Launches Real Estate Talk Arabia,EODHD,2026-03-02T01:31:00+00:00,
Century Aluminum EVP Sells $2.3M Worth of Shares,EODHD,2026-03-02T01:27:06+00:00,
Anthropic’s Claude tops App Store charts as backlash builds against OpenAI’s ChatGPT,Finnhub,1772415120,
How to think about everything presumably wrong with stocks and what to do about it,Finnhub,1772407242,
Prediction-market bets tied to Iran conflict stoke backlash over suspicions of insider trading,Finnhub,1772397060,
Here’s where traders expect crude-oil prices to open after this weekend’s attack on Iran,Finnhub,1772392620,
U.S. crude oil set to top $70 a barrel when trading begins on fears of Iran supply disruption,Finnhub,1772389726,
The whole world is watching this critical energy chokepoint as Iran conflict enters more dangerous phase,Finnhub,1772389080,
Stocks face Iran jitters and a crucial jobs report in the week ahead as AI layoffs loom large,Finnhub,1772384400,
Here are the 5 big things we're watching in the stock market this week,Finnhub,1772379864,
"Has the retail industry rebounded? We’ll find out this week from Target, Costco, Best Buy and others’ earnings",Finnhub,1772377200,
"As investors wait for crude-oil trading to reopen amid Iran conflict, shares of the world’s biggest producer are climbing",Finnhub,1772373780,
A big AI worry? It will destroy old jobs faster than it creates new ones. The only thing lacking is proof.,Finnhub,1772373600,
$100 oil? Prolonged Hormuz closure could spark a 1970s-style energy shock,Finnhub,1772362672,
Here’s how much you could pay for a gallon of gas by May because of the attacks on Iran,Finnhub,1772355840,
Iran strikes disrupt thousands of flights; Dubai Airport damaged,Finnhub,1772338387,
Drone warfare could mean investors need a new guidebook for this Iran conflict,Finnhub,1772317860,
Middle Eastern airports are crossroads of the world. Here’s how the U.S.-Israel attack on Iran will sow chaos on air travel.,Finnhub,1772308200,
Iran conflict raises talk of a return to $100-a-barrel oil,Finnhub,1772307540,
Stanley Druckenmiller says this is how he’d build a portfolio from scratch right now,Finnhub,1772293080,
"This could be Nvidia’s next big move, with the stock in search of a positive catalyst",Finnhub,1772292240,
Berkshire Hathaway shrinks cash pile in Buffett’s last act as CEO. Here’s how successor Greg Abel is now looking to spend.,Finnhub,1772290920,
"Worried about the job market or stuck in a toxic workplace? These 2 movies can feel like 'catharsis,' workplace psychologist says",Finnhub,1772288101,
‘Can’t sell house’ searches are higher now than during the 2008 housing crisis,Finnhub,1772287200,
"With free storage at max from Google to Shutterfly to Snap, the price for your memories is rising",Finnhub,1772285401,
"The week, FOBO — ‘fear of becoming obsolete’ because of AI — became real for workers and markets",Finnhub,1772285400,
NASA is sending its first Black and first female astronauts to the moon,Finnhub,1772283601,
My boss told me to dress better. Now I feel uncomfortable. He is a white man and I am a Black woman.,Finnhub,1772283600,
Can China just steal America’s AI brain that’s costing trillions to develop?,Finnhub,1772283600,
‘I dread the snow’: My heating and air conditioning always breaks down. Do I spend $15K on a new one?,Finnhub,1772282700,
These fintech stocks are loved by analysts and could bounce back in a big way,Finnhub,1772281800,
Any chance the Fed cuts rates this year is ‘evaporating before our very eyes’ as Iran tensions raise oil prices,Finnhub,1772280000,
Iran strikes will likely boost defense stocks — but here’s what will keep the cash flowing long after the conflict ends,Finnhub,1772273520,
Trump says ‘massive’ strike against Iran underway — bitcoin plunge offers a glimpse of how markets could react,Finnhub,1772269020,
Bharat Biotech is said to mull $500 million IPO,Finnhub,1772254219,
OpenAI gives Pentagon access to models after Anthropic dustup,Finnhub,1772254110,
"NASA shakes up moon mission with more tests, scrapped upgrade",Finnhub,1772252735,
JPMorgan warns up to $150 billion of loans in CLOs face AI risk,Finnhub,1772251230,
Private-credit ‘cockroaches’ and the AI ‘scare trade’ hammered stocks in February. Here’s what else has investors shaken up.,Finnhub,1772235000,
"Here’s what’s worth streaming in March 2026 on Netflix, Hulu, HBO Max and more",Finnhub,1772232660,
Trump warns‘sometimes you have to’ use force on Friday. Oil markets now see high odds of a U.S. strike on Iran.,Finnhub,1772231880,
"Trump blacklists Anthropic, opening the door to Elon Musk and xAI",Finnhub,1772230260,
The real winner in the battle for Warner Bros. isn’t who you think it is,Finnhub,1772224620,
"Palantir’s stock nabs another upgrade, with its valuation now less of a ‘struggle’",Finnhub,1772224620,
The bond market has been doing something strange despite a hot inflation report,Finnhub,1772223300,
Software stocks fall as Block’s big job cuts stoke further AI fears,Finnhub,1772222100,
"Her accountant went to prison. Now the IRS is coming after her for $328,000.",Finnhub,1772221560,
Nvidia's stock wrapping up tough week as Wall Street focuses more on competition than growth,Finnhub,1772221359,
"United’s stock and other airline shares get a reality check from rising oil prices, market jitters",Finnhub,1772218980,
10-year yield falls below 4% on stagflation risk following hot producer prices reading,Finnhub,1772217575,
Medicare will run out of money 12 years earlier than expected,Finnhub,1772216160,
Did Paramount overpay and Netflix get away scot-free? Taking stock of the Warner Bros. deal.,Finnhub,1772215200,
"Boomers waste money, too. These are the spending traps tripping up the richest generation.",Finnhub,1772212860,
Most banks fail miserably at helping grieving families make this vital financial move,Finnhub,1772212380,
"Bill Clinton on Jeffrey Epstein: 'I saw nothing, and I did nothing wrong'",Finnhub,1772211577,
February’s ‘panic’ rotation in stocks sets the stage for more tumult in March,Finnhub,1772209500,
Here's what drove big moves in our top and bottom stocks over the past month,Finnhub,1772209481,
"I’m turning 50 this year and want to walk away from my $200,000 job. Should I do it?",Finnhub,1772209260,
"Block says AI will let it cut more than 4,000 jobs. Some argue that’s not the whole story.",Finnhub,1772207640,
"Amazon, Nvidia and Softbank pour $110 billion into OpenAI — raising the stakes for AI monetization",Finnhub,1772205180,
"Jump in oil prices may reflect worry about Iran delays on nuclear deal, analyst says",Finnhub,1772204820,
I told my boss I need an ADHD coach and his response was unhelpful. Can we fix our working relationship?,Finnhub,1772204580,
"Gen Z is embracing the prenup, says family law attorney: ‘The taboo of divorces is long gone’",Finnhub,1772200801,
Jim Cramer's top 10 things to watch in the stock market Friday,Finnhub,1772199949,
Wholesale prices rise sharply and point to persistent inflation,Finnhub,1772199480,
FanDuel parent’s stock tumbles as the house just can’t seem to win for its investors,Finnhub,1772199060,
"Beware of banks breaking bad, warns top B. of A. strategist. He casts a wary eye on bank-loan ETFs.",Finnhub,1772196660,
Nine out of 10 bets this fund manager made outperformed over the past year. Here’s his next two plays.,Finnhub,1772192760,
Indonesia hits pause on Prabowo’s mega order of Indian trucks,Finnhub,1772191500,
Howard Marks makes 180 degree turn on AI after Claude tutorial. Here’s how he suggests investors approach it.,Finnhub,1772188320,
‘My sister and I are his only family’: My brother is paranoid and forgot he sold his house. What can I do?,Finnhub,1772187300,
KISS rocker Gene Simmons lowers price of Beverly Hills home to $12.5 million after months on the market,Finnhub,1772186640,
BASF announces job cuts amid cost-saving strategy and new India hub,Finnhub,1772183943,
"Ex-RBI Governor Raghuram Rajan says AI to disrupt, but not derail, India’s services sector",Finnhub,1772180294,
India’s growth may outpace current estimates after data overhaul,Finnhub,1772165175,
Global funds return to India as earnings outlook improves,Finnhub,1772163291,
"Yes, consumers in China are consuming again. It’s just not their No. 1 priority these days.",Finnhub,1772157600,
Duolingo is making some changes to contend with the threat of AI. Its stock is sinking.,Finnhub,1772149740,
"Sweetgreen’s disappointing sales offer a reality check for restaurants, after Cava’s rally",Finnhub,1772148840,
Is it OK to wear pajamas on your next flight? A viral post sparks debate.,Finnhub,1772148060,
"Dell’s stock soars, as record earnings signal the company is managing memory shortages well",Finnhub,1772147700,
"Tech earnings, silver’s rebound and a Cathie Wood ETF offer a high-stakes pivot for investors",Finnhub,1772146500,
Warner Bros. Discovery deems Paramount’s bid ‘superior’ — putting Netflix in the hot seat,Finnhub,1772144580,
Why the S&P 500 was doomed to fall when Nvidia plunged after its earnings,Finnhub,1772144040,
"U.S.-Iran nuclear talks end, but with hope that negotiations continue. That still leaves the oil market in limbo.",Finnhub,1772142960,
CoreWeave’s stock drops as losses swell and interest expenses climb,Finnhub,1772142900,
Rocket Lab’s stock slides as yet another rocket delay overshadows ‘record year’,Finnhub,1772142720,
FanDuel parent Flutter reports disappointing fourth-quarter earnings,Finnhub,1772140427,
Block plans to lay off nearly half its staff in ‘deliberate and bold’ embrace of AI,Finnhub,1772140380,
Why Corning's near record stock price and historically expensive valuation are worth it,Finnhub,1772137748,
Nvidia takes the market lower — but one area of beaten-up tech moves higher,Finnhub,1772135621,
Yields in a crucial part of the Treasury market keep falling — and it may have something to do with AI,Finnhub,1772134440,
"Musk, Altman and China are fighting to control a potential $320 billion market for brain implants",Finnhub,1772133660,
Software stocks bounce as Nvidia shares falter. Is a new rotation trade in store?,Finnhub,1772132040,
We're exiting an inconsistent stock to free up space for better prospects ahead,Finnhub,1772131410,
"EBay to cut 800 jobs, joining other tech names in announcing layoffs as AI reshapes workforces",Finnhub,1772129340,
"Mortgage rates fall below 6%, giving buyers a glimpse of affordability",Finnhub,1772129340,
Jim Cramer says this unfairly punished stock is worth buying for new investors,Finnhub,1772127235,
Small investors buy Nvidia in record numbers after Thursday's open,Finnhub,1772126066,
"Google launches Nano Banana 2, updating its viral AI image generator",Finnhub,1772124989,
Columbia University says DHS detained student after making 'misrepresentations',Finnhub,1772124188,
Have a parent over 65? Get ready to join the caregiving crisis.,Finnhub,1772124180,
"UAE stock markets close, trading halted by Abu Dhabi Securities Exchange and the Dubai Financial Market f - The Times of India",Google News,"Sun, 01 Mar 2026 21:34:00 GMT",
The New York Stock Exchange | NYSE - NYSE,Google News,"Fri, 27 Feb 2026 22:00:00 GMT",
India Is Undergoing an Unprecedented IPO Boom - International Banker,Google News,"Mon, 19 Jan 2026 08:00:00 GMT",
Q3 roundup: India earnings stabilise; brokerages expect stronger 2026 for equities - Reuters,Google News,"Mon, 16 Feb 2026 08:00:00 GMT",
"Laxmi India Finance Shares Make Weak Debut on Stock Market, List at 12.96% Discount - Groww",Google News,"Mon, 04 Aug 2025 07:00:00 GMT",
Amazon India slashes seller referral fees in retail growth push - Yahoo Finance,Google News,"Sun, 01 Mar 2026 20:31:49 GMT",
Coral India Finance & Housing Ltd Falls to 52-Week Low of Rs.33.31 - Markets Mojo,Google News,"Wed, 25 Feb 2026 05:42:18 GMT",
Jio Financial launches online marketplace for financial products - Mint,Google News,"Fri, 27 Feb 2026 12:16:17 GMT",
MSCI Rejig: India likely to see net outflow but these stocks set for inflows as well - CNBC TV18,Google News,"Fri, 27 Feb 2026 06:44:49 GMT",
10 stocks with up to 115% upside – Top brokerage Buys this week - The Financial Express,Google News,"Sat, 28 Feb 2026 04:44:31 GMT",
Union Budget 2026: Sector-Wise Impact on the Stock Market and Mutual Funds - ClearTax,Google News,"Tue, 03 Feb 2026 08:00:00 GMT",
"US, Israel strike Iran: What do rising Middle East tensions mean for Indian stock markets next week? Here - The Times of India",Google News,"Sat, 28 Feb 2026 10:49:00 GMT",
The role of regulatory bodies in India's financial sector: Wha... - Invest India,Google News,"Thu, 12 Jun 2025 07:00:00 GMT",
Capital India Finance Ltd is Rated Strong Sell - Markets Mojo,Google News,"Thu, 26 Feb 2026 05:39:05 GMT",
"Indian shares sink on budget day as derivatives tax hike, lack of foreign flow measures weigh - Reuters",Google News,"Sun, 01 Feb 2026 08:00:00 GMT",
"Top 15 Books on Investment, Trading and Stock Market - Groww",Google News,"Sun, 07 Sep 2025 07:00:00 GMT",
Coral India Finance & Housing Ltd Falls to 52-Week Low of Rs.33.4 - Markets Mojo,Google News,"Tue, 24 Feb 2026 05:40:52 GMT",
"Stock market today: Nifty50 settles 48 points up at 25,776; Sensex ends at 83,817.69 - The Times of India",Google News,"Wed, 04 Feb 2026 08:00:00 GMT",
Stock market volatility: Why you need a financial planner - The Times of India,Google News,"Mon, 16 Feb 2026 08:00:00 GMT",
Coral India Finance & Housing Ltd Falls to 52-Week Low of Rs.33.74 - Markets Mojo,Google News,"Mon, 23 Feb 2026 12:07:58 GMT",
Top Small Finance Bank Stocks in India 2025 - Groww,Google News,"Fri, 09 Jan 2026 08:00:00 GMT",
"CNBC's Inside India newsletter: Peaked, paused, and poised? India’s market reboot at half-time - CNBC",Google News,"Thu, 03 Jul 2025 07:00:00 GMT",
Indian stock market history: How the SIP became popular and democratised finance - Scroll.in,Google News,"Wed, 29 Oct 2025 07:00:00 GMT",
Stock market starts 2026 on positive note; Sensex climbs over 200 points - The Hindu,Google News,"Thu, 01 Jan 2026 08:00:00 GMT",
Can China’s stock market ever deliver like India’s? - Finshots,Google News,"Thu, 21 Aug 2025 07:00:00 GMT",
US Federal Reserve cuts rate: What does it mean for Indian stock markets? Explained - The Times of India,Google News,"Thu, 11 Dec 2025 08:00:00 GMT",
Tips for NRIs to Invest in the Indian Stock Market - India Infoline,Google News,"Tue, 16 Dec 2025 08:00:00 GMT",
Stock markets rally for second day; Sensex jumps 487 points on optimism over India-EU FTA - The Hindu,Google News,"Wed, 28 Jan 2026 08:00:00 GMT",
"Stocks To Watch, February 2: Biocon, Bharat Dynamics, HAL, Waaree Energies, Ather Energy, Anant Raj, IT stocks, Infra, railways - Upstox",Google News,"Sun, 01 Feb 2026 08:00:00 GMT",
Laxmi India Finance share price: Stock lists at 13% discount; here's how much investors lost per lot - Upstox,Google News,"Mon, 04 Aug 2025 07:00:00 GMT",
Laxmi India Finance Share Price Falls 13% On Listing Day | NSE & BSE Updates - Samco,Google News,"Tue, 05 Aug 2025 07:00:00 GMT",
How AI Is Quietly Transforming Indian Securities Markets - From Trading Floors to Your Investing App - Groww,Google News,"Tue, 14 Oct 2025 07:00:00 GMT",
How Will Perplexity Finance Transform Indian Stock Markets? - Analytics India Magazine,Google News,"Wed, 13 Aug 2025 07:00:00 GMT",
"Indian Stock Market News, Equity Market and Sensex Today in India - Equitymaster",Google News,"Thu, 18 Dec 2025 08:00:00 GMT",
Why Laxmi India Finance Share Price is Falling - Equitymaster,Google News,"Thu, 14 Aug 2025 07:00:00 GMT",
Capital India Finance Outperforms Sector Amid Broader Market Decline - Markets Mojo,Google News,"Fri, 19 Sep 2025 05:30:48 GMT",
"Stock market crash: IRCTC, Patanjali Foods, Kaynes Technology among 682 stocks that hit 52-week low on NSE - Upstox",Google News,"Tue, 20 Jan 2026 08:00:00 GMT",
"Laxmi India Finance share price gains after poor listing, still trades below IPO price. What should investors do? - Mint",Google News,"Tue, 05 Aug 2025 07:00:00 GMT",
"Laxmi India Finance Reports Robust Growth Amid Challenges: AUM Surges 24.75%, IPO Raises ₹151.58 Crores - scanx.trade",Google News,"Sun, 23 Nov 2025 08:00:00 GMT",
"Top movers on Indian stock market today 23rd Dec: Sensex dips after 2-day rally, IT stocks drag, Coal India, Shriram Finance lead gainers - BusinessLine",Google News,"Tue, 23 Dec 2025 08:00:00 GMT",
Best PSU Stocks in India 2025 - Groww,Google News,"Thu, 04 Dec 2025 08:00:00 GMT",
"Stocks To Watch, February 3: Gokaldas Exports, Pearl Global, Infosys, TCS, LTIMindtree, Tata Motors, Indus Towers, Bajaj Finance, Paradeep Phosphates - Upstox",Google News,"Mon, 02 Feb 2026 08:00:00 GMT",
Your Guide to High-Paying Jobs in Stock Market - Jaro Education,Google News,"Wed, 27 Aug 2025 07:00:00 GMT",
"Top stocks to buy today: Stock market recommendations for July 8, 2025 - check list - The Times of India",Google News,"Tue, 08 Jul 2025 07:00:00 GMT",
Ahead of Market: 10 things to watch for stock market action on Monday - The Economic Times,Google News,"Sun, 11 Jan 2026 08:00:00 GMT",
Coral India Finance & Housing Ltd is Rated Strong Sell - Markets Mojo,Google News,"Sun, 08 Feb 2026 08:55:30 GMT",
"Budget 2026 tax expectations of stock market investors: STT, Capital Gain relief and more - Upstox",Google News,"Tue, 27 Jan 2026 08:00:00 GMT",
‘Sinister scheme’: India ban threatens Jane Street’s money machine - Financial Times,Google News,"Wed, 09 Jul 2025 07:00:00 GMT",
Coral India Finance & Housing Ltd Falls to 52-Week Low Amidst Continued Downtrend - Markets Mojo,Google News,"Fri, 06 Feb 2026 08:00:00 GMT",
"Stocks to Watch, October 16: L&T Finance, BEL, Nestle, Eternal, Infosys, LTIMindtree, Wipro, Jio Finance, Axis Bank, KEC Int'l - Upstox",Google News,"Wed, 15 Oct 2025 07:00:00 GMT",
"Perplexity Finance widens India coverage with live stock market data from BSE, NSE - Moneycontrol.com",Google News,"Wed, 13 Aug 2025 07:00:00 GMT",
"Budget 2026: Is the Indian stock market open for trading on Sunday, Feb 1? - Business Standard",Google News,"Sun, 01 Feb 2026 08:00:00 GMT",
Capital India Finance Limited Lists on National Stock Exchange (NSE) - Elets BFSI,Google News,"Fri, 25 Apr 2025 07:00:00 GMT",
"What is the Future of the Indian Stock Market? Expert Insights, Trends & Predictions for 2025 & Beyond - Samco",Google News,"Sun, 31 Aug 2025 07:00:00 GMT",
Laxmi India Finance share price lists at 14% discount to issue price at ₹136 on BSE - Mint,Google News,"Tue, 05 Aug 2025 07:00:00 GMT",
"Share Market Highlights 17 November 2025: Financials, mid-caps lift markets; Sensex up 0.46%, Nifty up 0.4% - BusinessLine",Google News,"Mon, 17 Nov 2025 08:00:00 GMT",
Jane Street’s $5 Billion Derivatives Scam Rocks SEBI - Frontline Magazine,Google News,"Fri, 18 Jul 2025 07:00:00 GMT",
Best Gold Stocks in India 2025 - Groww,Google News,"Sun, 16 Nov 2025 08:00:00 GMT",
PTC India Financial share skyrockets 15% on healthy Q2 results; details - Business Standard,Google News,"Fri, 24 Oct 2025 07:00:00 GMT",
"Why stock market fell today? Sensex crashes over 610 points, Nifty below 26,000 ahead of Fed meet. 5 Key f - The Economic Times",Google News,"Mon, 08 Dec 2025 08:00:00 GMT",
Is Jio Finance Share a Smart Long-Term Investment? - getmoneyrich,Google News,"Fri, 05 Sep 2025 07:00:00 GMT",
Jane Street challenges Indian regulator’s market manipulation claims - Financial Times,Google News,"Wed, 03 Sep 2025 07:00:00 GMT",
Why Bajaj Finance Share Price is Falling - Equitymaster,Google News,"Tue, 11 Nov 2025 08:00:00 GMT",
Dear Madam Finance Minister: Release the Choke Hold Over India's Stock Markets - BW Businessworld,Google News,"Mon, 12 Jan 2026 08:00:00 GMT",
PTC India Financial Services Shares Surge 15% on Robust Q1 Performance - scanx.trade,Google News,"Fri, 24 Oct 2025 07:00:00 GMT",
Top 10 Traders in India - Groww,Google News,"Mon, 10 Nov 2025 08:00:00 GMT",
"Stocks to buy for 2026: Shriram Finance, Engineers India among 5 stocks that could give 20-40% return in 1 year - The Economic Times",Google News,"Thu, 01 Jan 2026 08:00:00 GMT",
"Sensex Today Trades Higher | Nifty Above 25,900 | Bajaj Finance & ITC Top Gainers - Equitymaster",Google News,"Fri, 31 Oct 2025 07:00:00 GMT",
Capital India Finance Ltd Hits Intraday High with 10.07% Surge on 14 Jan 2026 - Markets Mojo,Google News,"Wed, 14 Jan 2026 08:00:00 GMT",
Capital India Finance: Analytical Review Highlights Key Shifts in Market and Financial Metrics - Markets Mojo,Google News,"Tue, 23 Dec 2025 08:00:00 GMT",
Laxmi India Finance slides on debut - Business Standard,Google News,"Tue, 05 Aug 2025 07:00:00 GMT",
Is India ‘In An Epic Bubble’? 6 Market Gurus List 2026 Forecast You Can’t Ignore - The Financial Express,Google News,"Tue, 30 Dec 2025 08:00:00 GMT",
"India bars Jane Street from its securities market, citing manipulation of stock indexes - Reuters",Google News,"Fri, 04 Jul 2025 07:00:00 GMT",
India’s Financial Markets Enter 2026 With Renewed Confidence - Ommcom News,Google News,"Fri, 28 Nov 2025 08:00:00 GMT",
"Nifty, Sensex: India middle-class jitters amid stock market rout - BBC",Google News,"Wed, 05 Mar 2025 08:00:00 GMT",
Capital India Finance Allots 13.48 Lakh ESOP Shares - scanx.trade,Google News,"Sat, 27 Dec 2025 08:00:00 GMT",
Laxmi India finance's shares debut with 14% discount - BusinessLine,Google News,"Tue, 05 Aug 2025 07:00:00 GMT",
"Laxmi India Finance IPO booked 22% so far on day 1: Check price band, lot size, key dates, and more - Upstox",Google News,"Tue, 29 Jul 2025 07:00:00 GMT",
"Laxmi India Finance Reports Strong Q2 Results, Amends Employee Stock Option Scheme - scanx.trade",Google News,"Fri, 14 Nov 2025 08:00:00 GMT",
Waterstones and Barnes & Noble owner looks to list booksellers on stock market,The Guardian,2025-12-18T09:32:11Z,
OpenAI thought to be preparing for $1tn stock market float ,The Guardian,2025-10-30T18:22:08Z,
Cyber-attack and yacht insurer agrees £8bn deal in latest UK stock market exit,The Guardian,2026-02-04T14:55:59Z,
Nvidia becomes world’s first $5tn company amid stock market and AI boom,The Guardian,2025-10-29T16:25:07Z,
FTSE 100 posts best day in six months as stock market rally continues – as it happened,The Guardian,2026-01-06T17:09:50Z,
‘Kids can’t buy them anywhere’: how Pokémon cards became a stock market for millennials,The Guardian,2025-12-08T10:00:37Z,
"Cutting cash Isa limit will not boost stock market, MPs warn Rachel Reeves",The Guardian,2025-10-24T23:01:17Z,
Head of largest US bank warns of risk of American stock market crash,The Guardian,2025-10-09T11:30:04Z,
London Stock Exchange considers 24-hour trading to stimulate market,The Guardian,2025-07-21T11:25:40Z,
"As London stock market listings show signs of life, Reeves must add momentum | Nils Pratley",The Guardian,2025-10-06T16:51:18Z,
FTSE 100 in biggest drop since April as stock market sell-off continues – as it happened,The Guardian,2025-11-18T16:54:35Z,
Stock markets stumble as global trade faces more Trump tariff uncertainty,The Guardian,2026-02-23T17:35:36Z,
AstraZeneca boss ‘wants to shift stock market listing to US’,The Guardian,2025-07-01T17:30:06Z,
AI-resistant ‘halo’ stocks drive UK and EU markets to record highs,The Guardian,2026-03-01T07:00:36Z,
London stock market boost as beauty group lists and tinned fish brand confirms IPO plan,The Guardian,2025-10-03T16:51:31Z,
Miner Glencore decides against moving stock market listing from London to US,The Guardian,2025-08-06T08:27:41Z,
Why does Asda terrify stock market investors? | Nils Pratley,The Guardian,2025-03-19T17:43:45Z,
Is the AI bubble about to burst – and send the stock market into freefall? | Phillip Inman,The Guardian,2025-08-23T15:00:05Z,
Stock markets rise to record highs and Apple touches $4tn market value for first time – as it happened,The Guardian,2025-10-28T14:56:49Z,
World stock markets brace for turbulence after Trump’s latest tariff shock,The Guardian,2026-01-18T13:04:12Z,
Private finance plans for NHS buildings | Letters ,The Guardian,2025-11-23T17:06:35Z,
"Global financial system vulnerable to shocks amid recent stock market surge, Bank of England chief warns – as it happened",The Guardian,2025-10-13T14:14:35Z,
Shareholders of UK fintech Wise vote to move main stock market listing to US,The Guardian,2025-07-28T18:14:08Z,
Mini-revival of London stock market listings is relief to Rachel Reeves | Nils Pratley,The Guardian,2026-01-02T06:00:03Z,
Global stock markets fall sharply over AI bubble fears,The Guardian,2025-11-05T11:20:00Z,
"Looser bonus rules and tax breaks needed to save London stock market, says CBI ",The Guardian,2025-07-09T04:00:41Z,
City minister accused of ignoring £2bn car finance tax loophole,The Guardian,2026-01-25T11:00:05Z,
Politics drives markets: euro and Paris stock market slide amid French political crisis; Japanese stocks surge after Takaichi’s victory– business live,The Guardian,2025-10-06T14:00:29Z,
How ‘liberation day’ rout compares with other notorious stock market crises,The Guardian,2025-04-08T08:00:41Z,
A mountain to climb in today’s job market | Letters,The Guardian,2026-02-26T17:38:58Z,
SpaceX reportedly mulling Tesla merger or tie-up with Elon Musk’s xAI firm,The Guardian,2026-01-30T08:38:04Z,
Activist investor Elliott builds up stake in London Stock Exchange Group,The Guardian,2026-02-11T11:00:12Z,
Do I (in the UK) need to worry about the US stock market? ,The Guardian,2025-04-28T06:00:53Z,
Cobalt firm taps in to electric car boom with £174m London stock market float,The Guardian,2025-05-12T14:54:44Z,
Brighton Pier owner to delist from London stock market and go private,The Guardian,2025-04-02T11:26:51Z,
Zelenskyy names Canada’s ex-finance minister as economic adviser in Ukraine,The Guardian,2026-01-05T18:21:51Z,
Worried about your stock market savings as Trump tariffs wreak havoc? Don’t panic,The Guardian,2025-04-13T14:00:17Z,
Stock markets drop amid jitters over US economy and tech valuations – business live,The Guardian,2025-11-07T17:04:22Z,
The stock market is always terrible at valuing technology revolutions | Nils Pratley,The Guardian,2025-01-28T18:10:43Z,
Criminal charges against Australian debt collection company Panthera Finance dismissed,The Guardian,2025-11-25T06:57:11Z,
"Tariffs driving India to strike trade deals, finance minister says ahead of UK talks",The Guardian,2025-04-08T15:01:35Z,
The Good Society by Kate Pickett review – the Spirit Level author takes stock ,The Guardian,2026-02-03T07:00:32Z,
ASX 200: Australian stock market bounces back despite tariff threats after worst session in five years,The Guardian,2025-04-08T06:59:43Z,
US regional bank stocks fall amid Wall Street concern over credit markets,The Guardian,2025-10-16T19:19:08Z,
Confessions of an education CFO: why finance for academic organisations needn’t be a headache,The Guardian,2026-02-09T11:45:18Z,
Ministers urged to close £2bn tax loophole in car finance scandal,The Guardian,2025-12-06T10:00:49Z,
Belgian politicians and finance bosses targeted by Russian intelligence over seized assets,The Guardian,2025-12-17T17:37:30Z,
"Women in tech and finance at higher risk from AI job losses, report says",The Guardian,2026-02-04T00:01:27Z,
Best UK universities for accounting & finance – league table,The Guardian,2025-09-13T07:01:01Z,
"European stock markets fall as Trump renews tariff threats; trade war would be a ‘wrecking ball’ for UK manufacturing, union says",The Guardian,2026-01-19T17:36:33Z,
"FourWorld Takes a Major Swing on Sable Offshore (SOC), Buying 8 Million Shares",EODHD,2026-03-02T05:11:10+00:00,
BYD February Vehicle Production And Sales Volume Drop; Shares Up,EODHD,2026-03-02T05:10:34+00:00,
Consumption and pharma stocks offer opportunities as earnings recover and global headwinds recede: Nippon India Mutual Fund’s Sailesh Raj Bhan,The Times of India,2026-03-02T01:00:00Z,
SEBI takes aim at curbing portfolio overlaps: Here’s what it means for mutual fund investors,Livemint,2026-03-02T03:07:33Z,
"S Naren says markets in ‘boring cycle’, wants investors to temper returns and rethink silver, smallcaps and AI bets",The Times of India,2026-02-09T05:29:06Z,
HDFC Flexicap joins ₹1 trn AUM club; NSE unique investor count tops 250 mn,Business Standard,2026-02-13T17:24:36Z,
Mutual funds adopt India Inc’s next gen companies with open arms,The Times of India,2026-02-10T00:30:00Z,
Nigeria’s public debt rose to N153.29tn in September 2025 – DMO,The Punch,2026-02-20T18:38:08Z,
"Can Sensex, Nifty snap 2-day fall on Monday? 7 factors that could decide market mood this week",The Times of India,2026-02-15T04:10:43Z,
"Stock Market Live Updates 5 February 2026: Sensex slips 145 points to 83,671 at open, Nifty down 45 points at 25,730",BusinessLine,2026-02-05T04:02:18Z,
"University of Bristol launches Mumbai campus, announces partnership with IIT-Bombay, industry",The Times of India,2026-02-25T11:48:22Z,
"ETMarkets Smart Talk | Only 16% IPOs beat market returns; be selective, says Ajay Tyagi who follows Warren Buffett",The Times of India,2026-02-18T03:30:00Z,
"Bharti Airtel shares in focus on ₹20,000 cr NBFC investment plan, stock slips 4%",BusinessLine,2026-02-24T05:17:15Z,
"Mukul Agrawal, Sunil Singhania-backed Yaap Digital IPO opens today. Check GMP and other details",The Times of India,2026-02-25T02:23:42Z,
Sebi stalls new exchanges' entry into options market: Report,The Times of India,2026-02-10T07:26:15Z,
Bunker Hill Announces Effective Date of Reverse Stock Split and Update to C$30 Million LIFE Offering,EODHD,2026-03-04T05:15:00+00:00,
Tesla Reworks Fremont For Optimus Robots As Physical AI Bet Grows,EODHD,2026-03-04T05:11:36+00:00,
GE Aerospace Contracts Add Context To General Electric Valuation And Momentum,EODHD,2026-03-04T05:11:25+00:00,
Is Amazon.com (AMZN) Still Attractively Priced After Recent 12.8% Pullback?,EODHD,2026-03-04T05:09:41+00:00,
"Record Results, Buybacks and Dividend Hike Could Be A Game Changer For East West Bancorp (EWBC)",EODHD,2026-03-04T05:09:26+00:00,
How JPMorgan’s New Target Is Shaping The Evolving Story At Inchcape (LSE:INCH),EODHD,2026-03-04T05:09:12+00:00,
Green Building Initiative führt Ascent Building Certification™ für globale Märkte ein,EODHD,2026-03-04T05:09:00+00:00,
Green Building Initiative 面向全球市场推出 Ascent Building Certification™,EODHD,2026-03-04T05:09:00+00:00,
Green Building Initiative 為全球市場推出 Ascent Building Certification™,EODHD,2026-03-04T05:09:00+00:00,
Green Building Initiative lance la certification Ascent Building Certification™ pour les marchés mondiaux,EODHD,2026-03-04T05:09:00+00:00,
Green Building Initiative משיקה את ההסמכה Ascent Building Certification™ לשווקים גלובליים,EODHD,2026-03-04T05:09:00+00:00,
Green Building Initiative Meluncurkan Ascent Building Certification™ untuk Pasar Global,EODHD,2026-03-04T05:09:00+00:00,
グリーン・ビルディング・イニシアチブ (Green Building Initiative)、グローバル市場向けにアセント・ビル認証 (Ascent Building Certification™) を発表,EODHD,2026-03-04T05:09:00+00:00,
"그린 빌딩 이니셔티브, 글로벌 시장 대상 Ascent Building Certification™ 출시",EODHD,2026-03-04T05:09:00+00:00,
Green Building Initiative Melancarkan Ascent Building Certification™ untuk Pasaran Global,EODHD,2026-03-04T05:09:00+00:00,
La iniciativa de construcción sostenible Green Building Initiative lanza Ascent Building Certification™ para mercados globales,EODHD,2026-03-04T05:09:00+00:00,
Green Building Initiative เปิดตัวมาตรฐานการรับรองอาคาร Ascent Building Certification™ สำหรับตลาดทั่วโลก,EODHD,2026-03-04T05:09:00+00:00,
Green Building Initiative Lança Ascent Building Certification™ para Mercados Globais,EODHD,2026-03-04T05:09:00+00:00,
"Endeavour Group H1 Profit Drops, Sales Edge Up; 7-week Segmental Sales Rise; Shares Down",EODHD,2026-03-04T05:02:23+00:00,
Mimecast Study: 42% of Organizations Report Rise in Malicious Insider Threats Over Past Year,EODHD,2026-03-04T05:01:00+00:00,
"D.R. Horton's Southwest Florida Division Announces Driftwood Bay, a New Home Community in Port Charlotte, Florida",EODHD,2026-03-04T05:00:00+00:00,
Dexterra Group Inc. Q4 Profit Rises,EODHD,2026-03-04T04:56:56+00:00,
USD/CHF weakens to near 0.7800 as Middle East tensions lift Swiss Franc,EODHD,2026-03-04T04:54:52+00:00,
"Rupee falls past 92/dollar to record low on Mideast war, central bank likely steps in",EODHD,2026-03-04T04:52:27+00:00,
Indian Shares Extend Slump As Middle East Conflict Widens,EODHD,2026-03-04T04:52:19+00:00,
Cryoport outlines $190M–$194M 2026 revenue target as commercial cell therapy drives growth,EODHD,2026-03-04T04:42:42+00:00,
Is Occidental Petroleum (OXY) Pricing Fair After Its Strong Year To Date Rally?,EODHD,2026-03-04T04:37:15+00:00,
Is Curtiss-Wright’s (CW) Custom Test Partnership Deepening Its Edge In Mission-Critical Aerospace Systems?,EODHD,2026-03-04T04:37:14+00:00,
Assessing Wheaton Precious Metals (TSX:WPM) Valuation After Strong Multi‑Period Returns And Recent Pullback,EODHD,2026-03-04T04:36:54+00:00,
A Look At Pinnacle West Capital (PNW) Valuation After Profit Return And Reaffirmed 2026 Guidance,EODHD,2026-03-04T04:36:30+00:00,
Assessing Norsk Hydro (OB:NHY) Valuation After Recent Share Price Volatility,EODHD,2026-03-04T04:36:20+00:00,
JPMorgan: Iran War A 'Modest Macro-Economic Shock',EODHD,2026-03-04T04:35:45+00:00,
Walmart Settlement Raises Questions On Gig Driver Costs And Investor Outlook,EODHD,2026-03-04T04:35:24+00:00,
Assessing Munich Re (XTRA:MUV2) Valuation After Record 2025 Earnings And Major Capital Return Plan,EODHD,2026-03-04T04:35:03+00:00,
Visa partners with Laufey to spread the magic of travel in Asia Pacific; to be Official Payment Partner for Laufey: A Matter of Time Tour,EODHD,2026-03-04T04:35:00+00:00,
From Green Coin to Governance Giant: The Evolution of Bitcoin Plus into a Crypto Casino Watchdog,EODHD,2026-03-04T04:33:00+00:00,
AUD/JPY drops to 110.00 as notable JPY strength offsets upbeat Australian Q4 GDP print,EODHD,2026-03-04T04:30:30+00:00,
ZenaDrone de ZenaTech impulsa la participación en defensa de EE. UU. y en el Congreso con el desarrollo de drones alineados con Blue UAS,EODHD,2026-03-04T04:23:00+00:00,
Why Monday.com Stock Lost 37% in February,EODHD,2026-03-04T04:22:41+00:00,
"IGSB Offers Broader Diversification Than VCSH, But Is It the Better Buy? Here's What You Need to Know",EODHD,2026-03-04T04:20:03+00:00,
Superior group outlines 2026 revenue target of up to $585M with back-end weighted growth amid strategic investments,EODHD,2026-03-04T04:15:10+00:00,
Arcturus outlines 12-week Phase II CF trial launch and expects regulatory clarity for ARCT-810 in 2026,EODHD,2026-03-04T04:15:09+00:00,
Goldman CEO says markets may take a 'couple of weeks' to digest Iran war impact,EODHD,2026-03-04T04:08:44+00:00,
"Asian Equities Fall, Oil Rises Amid Ongoing Middle East Conflict",EODHD,2026-03-04T04:02:00+00:00,
Pakistan Prime Minister’s Cashless Economy Initiative Takes Global Stage at MWC Barcelona,EODHD,2026-03-04T04:00:00+00:00,
"Superior Group Of Companies, Inc. Bottom Line Advances In Q4",EODHD,2026-03-04T03:52:22+00:00,
"Down 25% in Just 1 Week, Is It Finally Time to Buy CoreWeave Stock?",EODHD,2026-03-04T03:52:00+00:00,
Global Funds Unwind Hottest AI Trades as Oil Supply Fears Mount,EODHD,2026-03-04T03:50:07+00:00,
What To Expect From Burlington’s (BURL) Q4 Earnings,EODHD,2026-03-04T03:41:03+00:00,
Asian Equities Fall Sharply Amid Ongoing Middle East Conflict,EODHD,2026-03-04T03:38:23+00:00,
"Better Cryptocurrency to Buy Today With $3,000 and Hold for 7 Years: XRP vs. Bitcoin",EODHD,2026-03-04T03:35:00+00:00,
Dow Jones Futures Fall As Korean Stocks Dive Again; Trump Makes This Pledge,EODHD,2026-03-04T03:30:36+00:00,
Gap (GAP) Reports Q4: Everything You Need To Know Ahead Of Earnings,EODHD,2026-03-04T03:26:03+00:00,
"Asian Markets Tumble, Track Global Markets",EODHD,2026-03-04T03:16:19+00:00,
Costco (COST) Reports Q1: Everything You Need To Know Ahead Of Earnings,EODHD,2026-03-04T03:16:03+00:00,
FTI Consulting (FCN) Is Up 6.1% After Record 2025 Results And 2026 Guidance - Has The Bull Case Changed?,EODHD,2026-03-04T03:15:29+00:00,
Assessing Electronic Arts (EA) Valuation After Recent Mixed Share Price Performance,EODHD,2026-03-04T03:14:24+00:00,
Is AES (AES) Still Attractive After A 38% Gain And Recent Pullback?,EODHD,2026-03-04T03:13:01+00:00,
Johnson And Johnson Balances Nipocalimab Progress With Bayer Legal Challenge,EODHD,2026-03-04T03:12:40+00:00,
Assessing Equifax (EFX) Valuation After Dividend Increase And New U.S. Information Solutions Leadership,EODHD,2026-03-04T03:12:21+00:00,
L3Harris CFO Change Highlights Missile Solutions IPO And Valuation Story,EODHD,2026-03-04T03:11:37+00:00,
Does Venezuela Heavy Crude Deal And Higher Dividend Change The Bull Case For Phillips 66 (PSX)?,EODHD,2026-03-04T03:11:22+00:00,
"Enphase Energy, Inc. Notice of April 20, 2026 Application Deadline for Class Action Lawsuit - Contact Lewis Kahn, Esq. at Kahn Swick &amp; Foti, LLC, Before Application Deadline",EODHD,2026-03-04T03:07:00+00:00,
"uniQure N.V. Securities Fraud Class Action Result of FDA Approval Delay and 49% Stock Decline - Investors may Contact Lewis Kahn, Esq, at Kahn Swick &amp; Foti, LLC",EODHD,2026-03-04T03:04:00+00:00,
VersaBank (VBNK) Q1 Earnings Match Estimates,EODHD,2026-03-04T03:00:01+00:00,
"Otis Appoints Hemant Jolly as Senior Vice President &amp; Managing Director, Australasia",EODHD,2026-03-04T03:00:00+00:00,
BC Poker Launches Bitcoin Poker Platform With $5 No Deposit Bonus and Advanced Fair Play Protection,EODHD,2026-03-04T03:00:00+00:00,
Capricorn Dumps 1.19 Million Navitas Semiconductor Shares Worth $11.4 Million,EODHD,2026-03-04T02:58:38+00:00,
Indian rupee may slide past 92 to record low as Mideast war fires up oil prices,EODHD,2026-03-04T02:56:44+00:00,
Asian shares extend losses as the war with Iran widens and oil surges higher,EODHD,2026-03-04T02:49:57+00:00,
"DermaFix Nail Fungus Treatment Gel Claims Evaluated in 2026 Market Report Covering Tea Tree Oil Research, Penetration Technology Positioning, and Pricing Transparency",EODHD,2026-03-04T02:44:00+00:00,
Bitget Wallet Expands Zero-Fee Crypto Card in Latin America,EODHD,2026-03-04T02:44:00+00:00,
Tesla vs. Amazon: Which AI Stock Is the Better Buy Now?,EODHD,2026-03-04T02:43:00+00:00,
GitLab outlines FY '27 revenue guidance of $1.099B–$1.118B while launching AI agent platform and $400M share repurchase program,EODHD,2026-03-04T02:42:56+00:00,
Cricut outlines accelerated product launches and bundle-first strategy as platform revenue rises 6% year-on-year,EODHD,2026-03-04T02:42:48+00:00,
"Kyndryl Holdings, Inc. Notice of April 13, 2026 Application Deadline for Class Action Lawsuit - Contact Lewis Kahn, Esq. at Kahn Swick &amp; Foti, LLC, Before Application Deadline",EODHD,2026-03-04T02:42:00+00:00,
"At KBIS 2026, iSpring Water Systems Showcases Water Filtration Solutions for Modern Kitchen Remodels",EODHD,2026-03-04T02:41:00+00:00,
Treasury Stability or Higher Bond Income? SCHO vs. ISTB,EODHD,2026-03-04T02:40:49+00:00,
"Europe should focus on industrial AI, SAP says",EODHD,2026-03-04T02:40:13+00:00,
"Ultragenyx Pharmaceutical Inc. Notice of April 6, 2026 Application Deadline for Class Action Lawsuit - Contact Lewis Kahn, Esq. at Kahn Swick &amp; Foti, LLC, Before Application Deadline",EODHD,2026-03-04T02:39:00+00:00,
"Navan, Inc. Notice of April 24, 2026 Application Deadline for Class Action Lawsuit - Contact Lewis Kahn, Esq. at Kahn Swick &amp; Foti, LLC, Before Application Deadline",EODHD,2026-03-04T02:38:00+00:00,
Indian Shares Set To Extend Losses As Middle East War Escalates,EODHD,2026-03-04T02:37:03+00:00,
"CoreWeave, Inc. Notice of March 13, 2026 Application Deadline for Class Action Lawsuit - Contact Lewis Kahn, Esq. at Kahn Swick &amp; Foti, LLC, Before Application Deadline",EODHD,2026-03-04T02:37:00+00:00,
"Corcept Therapeutics Incorporated Securities Fraud Class Action Result of FDA Approval Issues and 50% Stock Decline - Investors may Contact Lewis Kahn, Esq, at Kahn Swick &amp; Foti, LLC",EODHD,2026-03-04T02:36:00+00:00,
"Ardent Health Corporation Securities Fraud Class Action Result of Undisclosed Collections Problems and 33% Stock Decline - Investors may Contact Lewis Kahn, Esq, at Kahn Swick &amp; Foti, LLC",EODHD,2026-03-04T02:35:00+00:00,
"BellRing Brands, Inc. Securities Fraud Class Action Result of Inventory Issues and 52% Stock Decline - Investors may Contact Lewis Kahn, Esq, at Kahn Swick &amp; Foti, LLC",EODHD,2026-03-04T02:34:00+00:00,
Tesla Rival Xiaomi Deploys Humanoid Robot With 3 Hours Of Autonomous Operating Time At EV Assembly Plant,EODHD,2026-03-04T02:31:28+00:00,
Accel Entertainment Inc. Full Year Profit Advances,EODHD,2026-03-04T02:31:20+00:00,
Silver Price Forecast: XAG/USD rises to near $85.00 as Middle East war intensifies,EODHD,2026-03-04T02:26:34+00:00,
3 Red-Hot Growth Stocks to Buy in 2026,EODHD,2026-03-04T02:20:00+00:00,
Assessing Citigroup (C) Valuation After Morgan Stanley Endorsement And Profitability Push,EODHD,2026-03-04T02:12:55+00:00,
Assessing Badger Meter (BMI) Valuation After Mixed Momentum And IoT Growth Expectations,EODHD,2026-03-04T02:12:38+00:00,
Is It Too Late To Consider Phillips 66 (PSX) After Its Strong 1 Year Run?,EODHD,2026-03-04T02:12:36+00:00,
Apple’s Broad Hardware Refresh Puts Ecosystem And Valuation In Focus,EODHD,2026-03-04T02:12:24+00:00,
VersaBank Q1 Profit Rises,EODHD,2026-03-04T02:12:07+00:00,
"Bragar Eagel &amp; Squire, P.C. Urges CoreWeave, Inc. (NASDAQ:CRWV) Stockholders with Large Losses to Contact the Firm Before March 13th",EODHD,2026-03-04T02:11:00+00:00,
Okta PGA Partnership Puts AI Identity Platform To A Broader Test,EODHD,2026-03-04T02:10:51+00:00,
Schneider Electric Links AI Data Center Growth With Sustainability Focus,EODHD,2026-03-04T02:10:12+00:00,
Twilio’s AI Platform Shift Puts Growth Mix And Margins In Focus,EODHD,2026-03-04T02:10:09+00:00,
Coral India Finance & Housing Ltd: Valuation Shifts Signal Price Attractiveness Amid Market Challenges - Markets Mojo,Google News,"Wed, 04 Mar 2026 03:02:38 GMT",
"Five Stocks To Buy Or Sell: BEL, ONGC, Hindalco, Muthoot Finance And More | March 4, 2026 - NDTV Profit",Google News,"Wed, 04 Mar 2026 01:47:43 GMT",
"Explained: What US-Israel war on Iran means for Indian stock market investors, crude oil and exports - The Economic Times",Google News,"Mon, 02 Mar 2026 05:08:47 GMT",
India's stock market is failing to match growth in economy - Financial Times,Google News,"Thu, 05 Feb 2026 08:00:00 GMT",
"Better Home & Finance Holding (BETR) Live Share Price, Invest From India - INDmoney",Google News,"Fri, 27 Feb 2026 20:59:30 GMT",
Coral India Finance & Housing Ltd Falls to 52-Week Low of Rs.32.85 - Markets Mojo,Google News,"Mon, 02 Mar 2026 08:57:23 GMT",
Tourism Finance Corporation of India Limited - Holi to Holi: 15 smallcap multibaggers that soared up to 500% in a year - The Economic Times,Google News,"Tue, 03 Mar 2026 05:52:16 GMT",
"Rs 2.8 lakh crore selloff! Sensex tumbles nearly 600 pts, Nifty at 25,800. What spooked the Indian stock m - The Economic Times",Google News,"Thu, 12 Feb 2026 08:00:00 GMT",
"Why Jane Street, a US trading giant, is in trouble in India - BBC",Google News,"Wed, 16 Jul 2025 07:00:00 GMT",
"Stock market today: Trade setup for Nifty 50, India-US trade talks, Cabinet decisions to gold prices - 8 stocks to buy - Mint",Google News,"Thu, 13 Nov 2025 08:00:00 GMT",
"Why stock market is down today? Sensex ends 721 pts lower, Nifty below 24,850; 5 reasons behind the fall - The Economic Times",Google News,"Fri, 25 Jul 2025 07:00:00 GMT",
India’s Pronto formalizes house help as its valuation jumps 8x in under a year - Yahoo Finance,Google News,"Tue, 03 Mar 2026 01:15:00 GMT",
Bajaj Housing Finance stock price: Share tumbles 9% to hit 52-week low; here's what triggered the fall - The Times of India,Google News,"Tue, 02 Dec 2025 08:00:00 GMT",
India and foreign market access: opening the gates - Capital Economics,Google News,"Tue, 29 Jul 2025 07:00:00 GMT",
Stock Market Timings in India - Upstox,Google News,"Fri, 17 Oct 2025 07:00:00 GMT",
Top 5 Small Finance Bank Stocks in India - Upstox,Google News,"Mon, 22 Dec 2025 08:00:00 GMT",
"Laxmi India Finance IPO allotment: Steps to check status online on NSE, BSE, MUFG Intime India - Upstox",Google News,"Thu, 31 Jul 2025 07:00:00 GMT",
"Indian equity benchmarks snap 3-day losing streak on financial, pharma boost - Reuters",Google News,"Wed, 21 May 2025 07:00:00 GMT",
"Top gainers and losers on December 5: Shriram Finance, State Bank of India, Bajaj Finserv rise over 2.13%; check full list - Upstox",Google News,"Fri, 05 Dec 2025 08:00:00 GMT",
"India's financial stocks fuel Nifty 50's March comeback, set for strong FY2026 - Reuters",Google News,"Fri, 28 Mar 2025 07:00:00 GMT",
Foreign investors boost purchases of India's financial shares in April - Reuters,Google News,"Wed, 07 May 2025 07:00:00 GMT",
Capital India Finance Ltd Technical Momentum Shifts Amid Mixed Market Signals - Markets Mojo,Google News,"Wed, 14 Jan 2026 08:00:00 GMT",
Laxmi India Finance Shares Debut at 13% Discount Despite Oversubscribed IPO - scanx.trade,Google News,"Mon, 04 Aug 2025 07:00:00 GMT",
"Laxmi India Finance IPO to launch on July 29: From price band, lot size to objectives, key details to consider - Upstox",Google News,"Wed, 23 Jul 2025 07:00:00 GMT",
Laxmi India Finance shares debut at 14% discount to IPO price - CNBC TV18,Google News,"Tue, 05 Aug 2025 07:00:00 GMT",
Financial stocks to shop for Diwali: Brokerages see 7 counters with up to 30% upside this Samvat 2082 - The Economic Times,Google News,"Tue, 21 Oct 2025 07:00:00 GMT",
How to use Perplexity Finance to track live stock prices in India - Moneycontrol.com,Google News,"Wed, 13 Aug 2025 07:00:00 GMT",
Gas prices soar and oil jumps as Iran war pushes down global stock markets,The Guardian,2026-03-02T18:09:55Z,
Stock markets slump amid Iran war as gas prices jump 30% to three-year high,The Guardian,2026-03-03T12:57:49Z,
Global stock markets tumble as Trump bid to avert oil crisis in strait of Hormuz fails to reassure,The Guardian,2026-03-04T04:54:00Z,
What was really behind Jack Dorsey laying off nearly half of Block’s staff?,The Guardian,2026-03-03T22:06:19Z,
Trading halted in Seoul: South Korea's KOSPI plunges 12% as Middle East war triggers historic sell-off,EODHD,2026-03-04T05:26:16+00:00,https://seekingalpha.com/news/4560512-trading-halted-in-seoul-kospi-plunges-12-as-middle-east-war-triggers-historic-sell-off?utm_source=feed_news_all&amp;utm_medium=referral&amp;feed_item_type=news
Nvidia joins funding for UK's driverless startup in $103M round,EODHD,2026-03-04T04:49:05+00:00,https://seekingalpha.com/news/4560511-nvidia-joins-funding-for-uks-driverless-startup-in-103m-funding-round?utm_source=feed_news_all&amp;utm_medium=referral&amp;feed_item_type=news
Palo Alto Networks MWC Deals Tie AI Security Story To Valuation Gap,EODHD,2026-03-04T03:15:06+00:00,https://finance.yahoo.com/news/palo-alto-networks-mwc-deals-031506313.html
Terreno Realty (TRNO) Valuation Check After Mixed Signals From Earnings And Cash Flow Models,EODHD,2026-03-04T03:14:52+00:00,https://finance.yahoo.com/news/terreno-realty-trno-valuation-check-031452855.html
