text,label
Sensex revises economic recovery trends,1
Indian banks revises interest rate outlook,1
Sensex signals strong quarterly earnings growth,1
Auto sector shows market volatility after global cues,1
IT stocks records credit growth improvement,1
Nifty updates foreign investment inflows,1
SEBI reports foreign investment inflows,1
Indian banks updates investment activity increase,1
IT stocks shows investment activity increase,1
Mutual fund industry announces policy changes amid inflation concerns,1
Mutual fund industry shows new regulatory framework,1
IT stocks expects sector growth outlook,1
RBI announces credit growth improvement,1
Auto sector announces strong quarterly earnings growth,1
Nifty records new regulatory framework,1
Mutual fund industry expects interest rate outlook,1
RBI announces strong quarterly earnings growth,1
Finance Ministry signals strong quarterly earnings growth,1
Nifty revises market volatility after global cues,1
PSU banks confirms sector growth outlook,1
Auto sector announces credit growth improvement,1
Auto sector signals market volatility after global cues,1
Finance Ministry records new regulatory framework,1
IT stocks confirms strong quarterly earnings growth,1
RBI updates investment activity increase,1
Auto sector shows economic recovery trends,1
Nifty revises interest rate outlook,1
IT stocks indicates market volatility after global cues,1
Nifty announces economic recovery trends,1
Sensex confirms strong quarterly earnings growth,1
Finance Ministry revises interest rate outlook,1
Sensex shows credit growth improvement,1
Indian banks reports interest rate outlook,1
Indian banks reports economic recovery trends,1
IT stocks confirms market volatility after global cues,1
Nifty updates market volatility after global cues,1
SEBI updates policy changes amid inflation concerns,1
Auto sector reports market volatility after global cues,1
Mutual fund industry shows market volatility after global cues,1
Indian banks reports sector growth outlook,1
PSU banks revises investment activity increase,1
Sensex updates economic recovery trends,1
Nifty revises sector growth outlook,1
Indian banks revises interest rate outlook,1
IT stocks shows policy changes amid inflation concerns,1
RBI announces policy changes amid inflation concerns,1
Auto sector expects interest rate outlook,1
RBI revises foreign investment inflows,1
IT stocks reports economic recovery trends,1
Auto sector announces interest rate outlook,1
SEBI revises interest rate outlook,1
Nifty confirms credit growth improvement,1
Finance Ministry indicates economic recovery trends,1
SEBI expects new regulatory framework,1
IT stocks expects sector growth outlook,1
Auto sector signals foreign investment inflows,1
Mutual fund industry announces credit growth improvement,1
Mutual fund industry records investment activity increase,1
Indian banks announces investment activity increase,1
Indian banks expects new regulatory framework,1
Finance Ministry reports market volatility after global cues,1
Finance Ministry updates foreign investment inflows,1
Nifty shows new regulatory framework,1
IT stocks shows new regulatory framework,1
Indian banks indicates foreign investment inflows,1
PSU banks confirms new regulatory framework,1
Finance Ministry confirms investment activity increase,1
Nifty shows interest rate outlook,1
PSU banks updates investment activity increase,1
SEBI records foreign investment inflows,1
Indian banks signals credit growth improvement,1
Indian banks shows investment activity increase,1
Mutual fund industry revises economic recovery trends,1
Nifty reports policy changes amid inflation concerns,1
SEBI updates investment activity increase,1
PSU banks announces credit growth improvement,1
Indian banks shows new regulatory framework,1
PSU banks reports interest rate outlook,1
Nifty records investment activity increase,1
SEBI revises economic recovery trends,1
Auto sector shows new regulatory framework,1
Nifty indicates economic recovery trends,1
IT stocks reports sector growth outlook,1
RBI revises market volatility after global cues,1
Mutual fund industry updates credit growth improvement,1
RBI expects sector growth outlook,1
PSU banks reports investment activity increase,1
Nifty confirms new regulatory framework,1
SEBI updates economic recovery trends,1
Auto sector expects strong quarterly earnings growth,1
RBI shows investment activity increase,1
SEBI records strong quarterly earnings growth,1
IT stocks records market volatility after global cues,1
Indian banks reports economic recovery trends,1
PSU banks confirms investment activity increase,1
IT stocks updates credit growth improvement,1
SEBI shows policy changes amid inflation concerns,1
SEBI updates policy changes amid inflation concerns,1
Nifty confirms interest rate outlook,1
RBI revises policy changes amid inflation concerns,1
Mutual fund industry records sector growth outlook,1
Sensex confirms investment activity increase,1
Auto sector confirms credit growth improvement,1
RBI shows policy changes amid inflation concerns,1
Finance Ministry signals strong quarterly earnings growth,1
SEBI revises foreign investment inflows,1
Indian banks revises policy changes amid inflation concerns,1
Mutual fund industry confirms market volatility after global cues,1
Auto sector announces policy changes amid inflation concerns,1
Mutual fund industry announces foreign investment inflows,1
Indian banks records policy changes amid inflation concerns,1
RBI revises sector growth outlook,1
Indian banks records strong quarterly earnings growth,1
Sensex expects strong quarterly earnings growth,1
SEBI expects strong quarterly earnings growth,1
Indian banks shows economic recovery trends,1
PSU banks revises strong quarterly earnings growth,1
Indian banks announces strong quarterly earnings growth,1
Auto sector indicates sector growth outlook,1
Finance Ministry revises interest rate outlook,1
Sensex confirms interest rate outlook,1
IT stocks indicates economic recovery trends,1
PSU banks expects market volatility after global cues,1
Finance Ministry updates interest rate outlook,1
Mutual fund industry signals policy changes amid inflation concerns,1
SEBI reports credit growth improvement,1
Mutual fund industry signals sector growth outlook,1
SEBI expects economic recovery trends,1
Indian banks signals policy changes amid inflation concerns,1
PSU banks indicates credit growth improvement,1
Finance Ministry signals policy changes amid inflation concerns,1
RBI revises economic recovery trends,1
SEBI signals strong quarterly earnings growth,1
Auto sector updates credit growth improvement,1
SEBI announces economic recovery trends,1
RBI shows strong quarterly earnings growth,1
SEBI confirms foreign investment inflows,1
IT stocks signals strong quarterly earnings growth,1
Sensex confirms market volatility after global cues,1
SEBI records economic recovery trends,1
Finance Ministry revises policy changes amid inflation concerns,1
RBI reports economic recovery trends,1
SEBI signals credit growth improvement,1
PSU banks reports policy changes amid inflation concerns,1
Auto sector expects interest rate outlook,1
Sensex shows sector growth outlook,1
Indian banks shows credit growth improvement,1
Indian banks reports credit growth improvement,1
RBI confirms new regulatory framework,1
Mutual fund industry updates strong quarterly earnings growth,1
Nifty revises interest rate outlook,1
Finance Ministry revises foreign investment inflows,1
Sensex confirms sector growth outlook,1
SEBI confirms interest rate outlook,1
Nifty records foreign investment inflows,1
Sensex announces interest rate outlook,1
SEBI shows foreign investment inflows,1
RBI reports investment activity increase,1
RBI revises sector growth outlook,1
Finance Ministry indicates sector growth outlook,1
SEBI announces interest rate outlook,1
Mutual fund industry records strong quarterly earnings growth,1
Finance Ministry indicates interest rate outlook,1
Indian banks indicates policy changes amid inflation concerns,1
Mutual fund industry confirms credit growth improvement,1
Sensex records market volatility after global cues,1
Mutual fund industry announces strong quarterly earnings growth,1
Indian banks indicates investment activity increase,1
Finance Ministry reports credit growth improvement,1
Auto sector shows new regulatory framework,1
IT stocks expects market volatility after global cues,1
Finance Ministry signals market volatility after global cues,1
Auto sector confirms policy changes amid inflation concerns,1
Indian banks announces credit growth improvement,1
PSU banks expects credit growth improvement,1
IT stocks signals policy changes amid inflation concerns,1
Sensex indicates strong quarterly earnings growth,1
Nifty updates new regulatory framework,1
Auto sector records new regulatory framework,1
Auto sector announces interest rate outlook,1
IT stocks reports market volatility after global cues,1
RBI expects strong quarterly earnings growth,1
Finance Ministry revises market volatility after global cues,1
Mutual fund industry signals policy changes amid inflation concerns,1
Finance Ministry reports credit growth improvement,1
RBI revises investment activity increase,1
IT stocks announces strong quarterly earnings growth,1
Mutual fund industry records interest rate outlook,1
Nifty indicates market volatility after global cues,1
Sensex records economic recovery trends,1
SEBI signals credit growth improvement,1
IT stocks expects strong quarterly earnings growth,1
IT stocks announces credit growth improvement,1
PSU banks indicates economic recovery trends,1
Nifty signals new regulatory framework,1
Nifty shows investment activity increase,1
IT stocks expects economic recovery trends,1
IT stocks shows interest rate outlook,1
Mutual fund industry revises new regulatory framework,1
Auto sector signals sector growth outlook,1
IT stocks updates new regulatory framework,1
RBI shows new regulatory framework,1
IT stocks updates interest rate outlook,1
Sensex revises investment activity increase,1
Sensex confirms credit growth improvement,1
Finance Ministry expects market volatility after global cues,1
IT stocks updates credit growth improvement,1
Finance Ministry announces investment activity increase,1
Indian banks confirms market volatility after global cues,1
Auto sector confirms economic recovery trends,1
Finance Ministry expects strong quarterly earnings growth,1
Auto sector updates new regulatory framework,1
Indian banks announces credit growth improvement,1
Finance Ministry updates new regulatory framework,1
PSU banks expects strong quarterly earnings growth,1
Auto sector updates policy changes amid inflation concerns,1
Indian banks confirms foreign investment inflows,1
Sensex reports interest rate outlook,1
Nifty records economic recovery trends,1
Auto sector shows credit growth improvement,1
Sensex records interest rate outlook,1
Auto sector reports economic recovery trends,1
Indian banks updates policy changes amid inflation concerns,1
Indian banks announces economic recovery trends,1
Sensex revises economic recovery trends,1
Mutual fund industry signals market volatility after global cues,1
Nifty updates strong quarterly earnings growth,1
IT stocks updates interest rate outlook,1
RBI shows foreign investment inflows,1
SEBI signals policy changes amid inflation concerns,1
Finance Ministry reports new regulatory framework,1
IT stocks records economic recovery trends,1
SEBI expects interest rate outlook,1
RBI announces market volatility after global cues,1
Mutual fund industry confirms market volatility after global cues,1
RBI updates interest rate outlook,1
PSU banks updates strong quarterly earnings growth,1
Auto sector announces interest rate outlook,1
Mutual fund industry indicates economic recovery trends,1
Mutual fund industry announces investment activity increase,1
IT stocks reports credit growth improvement,1
Finance Ministry updates new regulatory framework,1
Mutual fund industry signals credit growth improvement,1
Mutual fund industry announces credit growth improvement,1
SEBI reports investment activity increase,1
IT stocks shows economic recovery trends,1
RBI revises new regulatory framework,1
Finance Ministry shows credit growth improvement,1
SEBI expects credit growth improvement,1
IT stocks announces policy changes amid inflation concerns,1
Indian banks shows interest rate outlook,1
Indian banks reports investment activity increase,1
Finance Ministry records policy changes amid inflation concerns,1
SEBI signals policy changes amid inflation concerns,1
Indian banks signals investment activity increase,1
SEBI records interest rate outlook,1
IT stocks updates investment activity increase,1
Sensex expects sector growth outlook,1
Indian banks expects strong quarterly earnings growth,1
Mutual fund industry revises credit growth improvement,1
IT stocks updates investment activity increase,1
Finance Ministry signals new regulatory framework,1
Finance Ministry records policy changes amid inflation concerns,1
IT stocks revises economic recovery trends,1
PSU banks announces new regulatory framework,1
SEBI revises market volatility after global cues,1
Nifty reports credit growth improvement,1
Auto sector revises market volatility after global cues,1
SEBI signals sector growth outlook,1
IT stocks reports strong quarterly earnings growth,1
RBI confirms foreign investment inflows,1
Indian banks indicates credit growth improvement,1
IT stocks signals policy changes amid inflation concerns,1
Finance Ministry expects interest rate outlook,1
IT stocks confirms policy changes amid inflation concerns,1
IT stocks reports new regulatory framework,1
Auto sector expects sector growth outlook,1
SEBI records policy changes amid inflation concerns,1
IT stocks confirms policy changes amid inflation concerns,1
IT stocks announces new regulatory framework,1
RBI announces policy changes amid inflation concerns,1
PSU banks shows investment activity increase,1
PSU banks records foreign investment inflows,1
RBI announces interest rate outlook,1
IT stocks updates foreign investment inflows,1
SEBI updates interest rate outlook,1
Sensex shows foreign investment inflows,1
RBI signals credit growth improvement,1
Mutual fund industry shows strong quarterly earnings growth,1
PSU banks records foreign investment inflows,1
PSU banks indicates credit growth improvement,1
Auto sector updates economic recovery trends,1
Indian banks updates credit growth improvement,1
Indian banks expects policy changes amid inflation concerns,1
PSU banks reports new regulatory framework,1
Indian banks updates credit growth improvement,1
Indian banks updates strong quarterly earnings growth,1
IT stocks shows interest rate outlook,1
Sensex records sector growth outlook,1
RBI signals credit growth improvement,1
Sensex reports new regulatory framework,1
RBI indicates credit growth improvement,1
Mutual fund industry confirms economic recovery trends,1
Finance Ministry announces foreign investment inflows,1
Indian banks revises market volatility after global cues,1
Mutual fund industry expects new regulatory framework,1
Indian banks indicates economic recovery trends,1
PSU banks signals market volatility after global cues,1
Nifty confirms interest rate outlook,1
Finance Ministry signals policy changes amid inflation concerns,1
RBI records policy changes amid inflation concerns,1
PSU banks indicates policy changes amid inflation concerns,1
IT stocks announces market volatility after global cues,1
PSU banks expects investment activity increase,1
RBI revises policy changes amid inflation concerns,1
RBI signals policy changes amid inflation concerns,1
Indian banks reports foreign investment inflows,1
Indian banks shows new regulatory framework,1
Indian banks updates economic recovery trends,1
Mutual fund industry reports foreign investment inflows,1
PSU banks indicates investment activity increase,1
Mutual fund industry announces sector growth outlook,1
RBI indicates interest rate outlook,1
Indian banks announces credit growth improvement,1
Nifty updates new regulatory framework,1
IT stocks revises interest rate outlook,1
RBI updates credit growth improvement,1
PSU banks shows market volatility after global cues,1
Indian banks shows sector growth outlook,1
Nifty confirms credit growth improvement,1
Nifty updates new regulatory framework,1
IT stocks reports foreign investment inflows,1
SEBI updates investment activity increase,1
Mutual fund industry announces credit growth improvement,1
Mutual fund industry shows foreign investment inflows,1
Mutual fund industry indicates foreign investment inflows,1
Indian banks updates market volatility after global cues,1
RBI announces market volatility after global cues,1
Sensex records market volatility after global cues,1
PSU banks updates foreign investment inflows,1
Auto sector shows interest rate outlook,1
PSU banks updates market volatility after global cues,1
SEBI revises market volatility after global cues,1
Auto sector confirms investment activity increase,1
SEBI records sector growth outlook,1
Auto sector shows new regulatory framework,1
PSU banks announces sector growth outlook,1
IT stocks confirms foreign investment inflows,1
RBI signals foreign investment inflows,1
Auto sector expects sector growth outlook,1
Sensex signals sector growth outlook,1
Sensex updates market volatility after global cues,1
PSU banks confirms strong quarterly earnings growth,1
Finance Ministry shows investment activity increase,1
Auto sector expects credit growth improvement,1
IT stocks records investment activity increase,1
PSU banks records strong quarterly earnings growth,1
Indian banks revises foreign investment inflows,1
Sensex confirms investment activity increase,1
Sensex expects investment activity increase,1
IT stocks reports economic recovery trends,1
IT stocks records market volatility after global cues,1
Indian banks announces new regulatory framework,1
Nifty shows sector growth outlook,1
Indian banks expects interest rate outlook,1
IT stocks records sector growth outlook,1
SEBI signals economic recovery trends,1
Auto sector records investment activity increase,1
IT stocks signals interest rate outlook,1
RBI reports strong quarterly earnings growth,1
IT stocks announces strong quarterly earnings growth,1
Mutual fund industry updates interest rate outlook,1
Nifty confirms foreign investment inflows,1
SEBI revises policy changes amid inflation concerns,1
IT stocks shows new regulatory framework,1
Auto sector updates sector growth outlook,1
Nifty indicates policy changes amid inflation concerns,1
Sensex updates new regulatory framework,1
RBI shows policy changes amid inflation concerns,1
SEBI signals new regulatory framework,1
Finance Ministry shows economic recovery trends,1
Auto sector updates sector growth outlook,1
RBI revises interest rate outlook,1
IT stocks records credit growth improvement,1
Nifty records strong quarterly earnings growth,1
IT stocks signals foreign investment inflows,1
Auto sector confirms new regulatory framework,1
PSU banks indicates policy changes amid inflation concerns,1
Indian banks confirms market volatility after global cues,1
SEBI announces policy changes amid inflation concerns,1
IT stocks shows credit growth improvement,1
PSU banks indicates foreign investment inflows,1
Mutual fund industry indicates interest rate outlook,1
Auto sector revises economic recovery trends,1
IT stocks updates economic recovery trends,1
Indian banks expects policy changes amid inflation concerns,1
Nifty records economic recovery trends,1
SEBI confirms credit growth improvement,1
Finance Ministry expects sector growth outlook,1
Indian banks updates sector growth outlook,1
IT stocks revises economic recovery trends,1
IT stocks announces market volatility after global cues,1
PSU banks updates policy changes amid inflation concerns,1
Nifty indicates interest rate outlook,1
Sensex shows strong quarterly earnings growth,1
SEBI revises sector growth outlook,1
Mutual fund industry announces investment activity increase,1
Sensex records strong quarterly earnings growth,1
Auto sector signals strong quarterly earnings growth,1
Indian banks signals new regulatory framework,1
Mutual fund industry signals economic recovery trends,1
IT stocks records foreign investment inflows,1
PSU banks shows credit growth improvement,1
Auto sector indicates foreign investment inflows,1
Mutual fund industry confirms sector growth outlook,1
Mutual fund industry confirms market volatility after global cues,1
Nifty confirms foreign investment inflows,1
SEBI expects credit growth improvement,1
PSU banks expects economic recovery trends,1
SEBI indicates foreign investment inflows,1
IT stocks updates interest rate outlook,1
Finance Ministry shows market volatility after global cues,1
Mutual fund industry updates interest rate outlook,1
Auto sector revises strong quarterly earnings growth,1
Mutual fund industry signals new regulatory framework,1
RBI confirms new regulatory framework,1
Sensex reports policy changes amid inflation concerns,1
RBI indicates foreign investment inflows,1
Finance Ministry reports sector growth outlook,1
Auto sector indicates economic recovery trends,1
Sensex shows foreign investment inflows,1
Mutual fund industry updates interest rate outlook,1
Auto sector updates investment activity increase,1
IT stocks confirms market volatility after global cues,1
PSU banks revises new regulatory framework,1
RBI confirms strong quarterly earnings growth,1
Auto sector expects policy changes amid inflation concerns,1
RBI shows investment activity increase,1
Nifty updates economic recovery trends,1
Indian banks confirms policy changes amid inflation concerns,1
Indian banks updates economic recovery trends,1
PSU banks announces policy changes amid inflation concerns,1
Mutual fund industry shows strong quarterly earnings growth,1
RBI confirms market volatility after global cues,1
Finance Ministry revises interest rate outlook,1
IT stocks signals new regulatory framework,1
IT stocks confirms investment activity increase,1
Mutual fund industry confirms new regulatory framework,1
SEBI confirms new regulatory framework,1
PSU banks confirms credit growth improvement,1
Nifty announces new regulatory framework,1
IT stocks expects foreign investment inflows,1
Finance Ministry shows economic recovery trends,1
RBI records strong quarterly earnings growth,1
RBI confirms policy changes amid inflation concerns,1
Mutual fund industry announces interest rate outlook,1
SEBI updates credit growth improvement,1
SEBI signals strong quarterly earnings growth,1
Indian banks confirms market volatility after global cues,1
Finance Ministry reports strong quarterly earnings growth,1
RBI indicates foreign investment inflows,1
Mutual fund industry reports sector growth outlook,1
Auto sector revises investment activity increase,1
SEBI records strong quarterly earnings growth,1
Nifty records investment activity increase,1
Nifty shows policy changes amid inflation concerns,1
PSU banks updates interest rate outlook,1
IT stocks confirms economic recovery trends,1
Nifty reports investment activity increase,1
PSU banks expects investment activity increase,1
IT stocks reports policy changes amid inflation concerns,1
IT stocks reports market volatility after global cues,1
Indian banks updates sector growth outlook,1
Auto sector reports investment activity increase,1
SEBI expects new regulatory framework,1
PSU banks shows credit growth improvement,1
Auto sector reports policy changes amid inflation concerns,1
SEBI revises foreign investment inflows,1
Mutual fund industry indicates foreign investment inflows,1
Finance Ministry expects sector growth outlook,1
Auto sector shows interest rate outlook,1
Auto sector announces credit growth improvement,1
Mutual fund industry revises foreign investment inflows,1
Nifty reports foreign investment inflows,1
Mutual fund industry records credit growth improvement,1
PSU banks announces strong quarterly earnings growth,1
IT stocks updates credit growth improvement,1
Mutual fund industry shows new regulatory framework,1
PSU banks revises strong quarterly earnings growth,1
Sensex reports investment activity increase,1
RBI expects policy changes amid inflation concerns,1
IT stocks announces new regulatory framework,1
Finance Ministry shows strong quarterly earnings growth,1
Nifty confirms policy changes amid inflation concerns,1
IT stocks reports sector growth outlook,1
SEBI confirms foreign investment inflows,1
SEBI confirms policy changes amid inflation concerns,1
Sensex confirms new regulatory framework,1
Nifty announces strong quarterly earnings growth,1
RBI revises investment activity increase,1
SEBI records economic recovery trends,1
Finance Ministry reports foreign investment inflows,1
Auto sector updates investment activity increase,1
RBI signals new regulatory framework,1
IT stocks shows policy changes amid inflation concerns,1
RBI records new regulatory framework,1
SEBI shows foreign investment inflows,1
Finance Ministry confirms credit growth improvement,1
RBI reports new regulatory framework,1
Sensex reports foreign investment inflows,1
SEBI signals policy changes amid inflation concerns,1
PSU banks expects sector growth outlook,1
IT stocks revises new regulatory framework,1
Nifty updates new regulatory framework,1
Mutual fund industry revises new regulatory framework,1
Auto sector confirms investment activity increase,1
Mutual fund industry expects foreign investment inflows,1
Finance Ministry records sector growth outlook,1
RBI revises foreign investment inflows,1
Indian banks updates market volatility after global cues,1
Auto sector records new regulatory framework,1
Auto sector signals new regulatory framework,1
Mutual fund industry expects foreign investment inflows,1
IT stocks announces market volatility after global cues,1
Finance Ministry announces strong quarterly earnings growth,1
RBI signals strong quarterly earnings growth,1
Auto sector shows interest rate outlook,1
PSU banks confirms economic recovery trends,1
Sensex records credit growth improvement,1
Indian banks indicates investment activity increase,1
PSU banks confirms interest rate outlook,1
Auto sector updates new regulatory framework,1
RBI confirms policy changes amid inflation concerns,1
Finance Ministry reports credit growth improvement,1
Auto sector confirms strong quarterly earnings growth,1
Sensex reports market volatility after global cues,1
Nifty announces strong quarterly earnings growth,1
PSU banks updates foreign investment inflows,1
Nifty signals credit growth improvement,1
IT stocks confirms interest rate outlook,1
Sensex records new regulatory framework,1
SEBI records interest rate outlook,1
Indian banks expects economic recovery trends,1
Indian banks indicates economic recovery trends,1
RBI shows interest rate outlook,1
RBI shows new regulatory framework,1
RBI confirms credit growth improvement,1
Nifty announces investment activity increase,1
RBI announces investment activity increase,1
Indian banks updates credit growth improvement,1
Indian banks shows market volatility after global cues,1
Mutual fund industry revises foreign investment inflows,1
Nifty announces economic recovery trends,1
Nifty confirms market volatility after global cues,1
Mutual fund industry expects foreign investment inflows,1
Sensex updates foreign investment inflows,1
Indian banks confirms investment activity increase,1
RBI shows investment activity increase,1
Finance Ministry announces economic recovery trends,1
IT stocks indicates sector growth outlook,1
SEBI announces foreign investment inflows,1
Auto sector reports sector growth outlook,1
IT stocks expects policy changes amid inflation concerns,1
IT stocks revises sector growth outlook,1
Nifty indicates investment activity increase,1
SEBI reports investment activity increase,1
Nifty indicates sector growth outlook,1
RBI shows policy changes amid inflation concerns,1
SEBI signals policy changes amid inflation concerns,1
Auto sector shows foreign investment inflows,1
Sensex shows economic recovery trends,1
Mutual fund industry signals strong quarterly earnings growth,1
SEBI records sector growth outlook,1
Sensex confirms interest rate outlook,1
Finance Ministry reports policy changes amid inflation concerns,1
Indian banks signals foreign investment inflows,1
Finance Ministry announces foreign investment inflows,1
RBI reports economic recovery trends,1
SEBI updates investment activity increase,1
Mutual fund industry signals credit growth improvement,1
Auto sector indicates interest rate outlook,1
Indian banks signals foreign investment inflows,1
Sensex records new regulatory framework,1
SEBI expects interest rate outlook,1
Sensex records market volatility after global cues,1
Mutual fund industry confirms credit growth improvement,1
IT stocks signals new regulatory framework,1
RBI reports policy changes amid inflation concerns,1
PSU banks updates policy changes amid inflation concerns,1
RBI confirms credit growth improvement,1
Nifty indicates economic recovery trends,1
Indian banks confirms policy changes amid inflation concerns,1
Nifty revises investment activity increase,1
Auto sector revises economic recovery trends,1
SEBI confirms policy changes amid inflation concerns,1
Sensex indicates credit growth improvement,1
Sensex revises strong quarterly earnings growth,1
IT stocks expects economic recovery trends,1
Nifty confirms market volatility after global cues,1
Indian banks shows interest rate outlook,1
